,Unnamed: 0,ID,Plant name,Fuel type,Unit type,Country/Area,Latitude,Longitude,Onshore/Offshore,Wiki URL,Start_production,End_production,Plant_extension,Machinery_type,flaring_in_active_period,flare_years_count_active,flare_points_within_radius_active,nearest_flare_km,flare_points_within_radius_anyyear
14,14,57,Jubarte,oil and gas,field,Brazil,-21.321,-40.023,Offshore,"https://www.gem.wiki/Jubarte_Oil_and_Gas_Field_(Espírito_Santo,_Brazil)",2016-01,2026-02,100.0,Offshore FPSO-based production,True,5.0,5.0,1.1645839547328585,5.0
17,17,63,Marlim,oil and gas,field,Brazil,-22.424,-40.071,Offshore,"https://www.gem.wiki/Marlim_Oil_and_Gas_Field_(Rio_de_Janeiro,_Brazil)",2016-01,2026-02,130.0,Offshore FPSO-based production,True,11.0,11.0,1.3261137523505615,11.0
25,25,79,Pilar,oil and gas,field,Brazil,-9.607,-35.894,Onshore,"https://www.gem.wiki/Pilar_Oil_and_Gas_Field_(Alagoas,_Brazil)",2016-01,2026-02,10.0,,True,11.0,11.0,1.1671217931622324,11.0
26,26,83,Rio Urucu,oil and gas,field,Brazil,-4.864,-65.287,Onshore,"https://www.gem.wiki/Rio_Urucu_Oil_and_Gas_Field_(Amazonas,_Brazil)",2016-01,2026-02,,Onshore conventional vertical drilling,True,13.0,13.0,0.8393543682498268,13.0
28,28,96,Tubarão Martelo,oil and gas,field,Brazil,-23.121,-41.085,Offshore,"https://www.gem.wiki/Tubarão_Martelo_Oil_and_Gas_Field_(Rio_de_Janeiro,_Brazil)",2016-01,2026-02,100.0,Offshore FPSO-based production,True,12.0,16.0,0.8929423518075938,18.0
33,33,173,Tamar,oil and gas,field,Israel,32.9862,34.003,Offshore,https://www.gem.wiki/Tamar_Oil_and_Gas_Field_(Israel),2016-01,2026-02,,,True,1.0,2.0,0.1722923110693353,2.0
34,34,191,Gela,oil and gas,complex,Italy,37.032,14.26955,Offshore,https://www.gem.wiki/Gela_Oil_and_Gas_Complex_(Italy),2016-01,2026-02,2.0,"Enhanced oil recovery (water, gas, or CO₂ injection)",True,1.0,1.0,1.929578302503838,1.0
35,35,227,F02a-Hanze,oil and gas,field,Netherlands,54.939,4.563,Offshore,https://www.gem.wiki/F02a-Hanze_Oil_and_Gas_Field_(Netherlands),2016-01,2026-02,,Offshore fixed platform production,True,5.0,5.0,0.8164671191431562,5.0
36,36,228,F03-FB,oil and gas,field,Netherlands,54.856,4.684,Offshore,https://www.gem.wiki/F03-FB_Oil_and_Gas_Field_(Netherlands),2016-01,2026-02,,Offshore fixed platform production,True,13.0,14.0,0.6679983886354774,14.0
37,37,267,Kollum-Noord,oil and gas,field,Netherlands,53.31,6.17,Onshore,https://www.gem.wiki/Kollum-Noord_Oil_and_Gas_Field_(Netherlands),2016-01,2026-02,,Onshore directional drilling,True,5.0,5.0,0.2083668270543161,5.0
38,38,307,L11b-A,oil and gas,field,Netherlands,53.471,4.491,Offshore,https://www.gem.wiki/L11b-A_Oil_and_Gas_Field_(Netherlands),2016-01,2026-02,,Offshore fixed platform production,True,4.0,4.0,0.1898074801544663,4.0
39,39,315,L13-FI,oil and gas,field,Netherlands,53.244,4.101,Offshore,https://www.gem.wiki/L13-FI_Oil_and_Gas_Field_(Netherlands),2016-01,2026-02,,Offshore fixed platform production,True,1.0,1.0,1.2814539474250473,1.0
40,40,341,P10a-De Ruyter Western Extension,oil and gas,field,Netherlands,52.368,3.318,Offshore,https://www.gem.wiki/P10a-De_Ruyter_Western_Extension_Oil_and_Gas_Field_(Netherlands),2016-01,2026-02,,Offshore fixed platform production,True,10.0,10.0,1.7747142625169778,11.0
41,41,344,P11b-De Ruyter,oil and gas,field,Netherlands,52.369,3.347,Offshore,https://www.gem.wiki/P11b-De_Ruyter_Oil_and_Gas_Field_(Netherlands),2016-01,2026-02,,Offshore fixed platform production,True,11.0,11.0,1.1495073900171175,11.0
43,43,354,Q10-A,oil and gas,field,Netherlands,52.487,4.237,Offshore,https://www.gem.wiki/Q10-A_Oil_and_Gas_Field_(Netherlands),2016-01,2026-02,100.0,Offshore fixed platform production,True,5.0,5.0,2.1012982857671507,5.0
44,44,381,Martin Linge,oil and gas,field,Norway,60.5065,2.042,Offshore,https://www.gem.wiki/Martin_Linge_Oil_and_Gas_Field_(Norway),2021-01,2031-01,,Offshore fixed platform production,True,3.0,3.0,1.5395042481317287,8.0
45,45,386,Yme,oil and gas,field,Norway,57.8295,4.527,Offshore,https://www.gem.wiki/Yme_Oil_and_Gas_Field_(Norway),2016-01,2026-02,100.0,Offshore mobile rig production (jack-up / semi-submersible),True,4.0,5.0,1.2709627130510872,5.0
46,46,390,B 8,oil and gas,field,Poland,55.38964,18.69227,Offshore,https://www.gem.wiki/B_8_Oil_and_Gas_Field_(Poland),2016-01,2026-02,100.0,Offshore fixed platform production,True,13.0,13.0,2.1655159157804045,13.0
48,48,405,Dzieduszyce,oil and gas,field,Poland,52.71896,14.965468,Unknown,https://www.gem.wiki/Dzieduszyce_Oil_and_Gas_Field_(Poland),2016-01,2026-02,10.5,Onshore conventional vertical drilling,True,5.0,5.0,1.852599953082749,5.0
49,49,417,Górzyca,oil and gas,field,Poland,52.53902,14.643141,Unknown,https://www.gem.wiki/Górzyca_Oil_and_Gas_Field_(Poland),2016-01,2026-02,10.0,Onshore conventional vertical drilling,True,13.0,20.0,0.5230434455354069,20.0
50,50,457,Potok,oil and gas,field,Poland,49.72633,21.690155,Unknown,https://www.gem.wiki/Potok_Oil_and_Gas_Field_(Poland),2016-01,2026-02,10.0,Onshore conventional vertical drilling,True,7.0,7.0,2.5111804634538446,7.0
51,51,465,Retno,oil and gas,field,Poland,52.05096,15.021951,Unknown,https://www.gem.wiki/Retno_Oil_and_Gas_Field_(Poland),2016-01,2026-02,10.5,Onshore conventional vertical drilling,True,1.0,1.0,0.2268667585377667,1.0
52,52,523,Lebăda Est,oil and gas,field,Romania,44.527369,29.548391,Offshore,https://www.gem.wiki/Lebăda_Est_Oil_and_Gas_Field_(Romania),2016-01,2026-02,20.0,Offshore fixed platform production,True,13.0,18.0,0.0586722564899418,18.0
53,53,569,Alba,oil and gas,field,United Kingdom,58.03552952,1.108463915,Offshore,https://www.gem.wiki/Alba_Oil_and_Gas_Field_(United_Kingdom),2016-01,2026-02,100.0,Offshore fixed platform production,True,13.0,14.0,1.961182702949163,14.0
54,54,574,Alwyn North,oil and gas,field,United Kingdom,60.80928112,1.74197377,Offshore,https://www.gem.wiki/Alwyn_North_Oil_and_Gas_Field_(United_Kingdom),2016-01,2026-02,,Offshore fixed platform production,True,13.0,13.0,0.4696457705134091,13.0
55,55,576,Andrew,oil and gas,field,United Kingdom,58.04099001,1.409258027,Offshore,https://www.gem.wiki/Andrew_Oil_and_Gas_Field_(United_Kingdom),2016-01,2026-02,100.0,Offshore fixed platform production,True,13.0,13.0,0.6544265457058436,13.0
56,56,580,Auk,oil and gas,field,United Kingdom,56.39901907,2.087623788,Offshore,https://www.gem.wiki/Auk_Oil_and_Gas_Field_(United_Kingdom),2016-01,2026-02,,Offshore fixed platform production,True,13.0,14.0,1.2000218545173966,14.0
57,57,582,Babbage,oil and gas,field,United Kingdom,53.94599972,1.248614858,Offshore,https://www.gem.wiki/Babbage_Oil_and_Gas_Field_(United_Kingdom),2016-01,2026-02,,Offshore fixed platform production,True,5.0,5.0,2.5962423191778243,5.0
58,58,592,Beryl,oil and gas,field,United Kingdom,59.56673606,1.523375818,Offshore,https://www.gem.wiki/Beryl_Oil_and_Gas_Field_(United_Kingdom),2016-01,2026-02,100.0,Offshore fixed platform production,True,13.0,14.0,2.3181746981331286,14.0
59,59,600,Breagh,oil and gas,field,United Kingdom,54.59702009,0.471901328,Offshore,https://www.gem.wiki/Breagh_Oil_and_Gas_Field_(United_Kingdom),2016-01,2026-02,,,True,5.0,5.0,2.5453015069541105,6.0
65,65,628,Clair Ridge,oil and gas,field,United Kingdom,60.6757,-2.5593,Offshore,https://www.gem.wiki/Clair_Ridge_Oil_and_Gas_Field_(United_Kingdom),2018-11,2026-02,,Offshore fixed platform production,True,7.0,7.0,1.9451712242126435,13.0
68,68,634,Columba B/D,oil and gas,field,United Kingdom,60.82932455,1.438992876,Offshore,https://www.gem.wiki/Columba_B/D_Oil_and_Gas_Field_(United_Kingdom),2016-01,2026-02,,Offshore subsea tie-back systems,True,13.0,14.0,2.531815456525046,14.0
69,69,635,Conrie,oil and gas,field,United Kingdom,61.4905,1.4988,Offshore,https://www.gem.wiki/Conrie_Oil_and_Gas_Field_(United_Kingdom),2016-01,2026-02,,Offshore subsea tie-back systems,True,10.0,10.0,1.9834810991439689,10.0
72,72,652,Douglas West,oil and gas,field,United Kingdom,53.52681102,-3.588297698,Offshore,https://www.gem.wiki/Douglas_West_Oil_and_Gas_Field_(United_Kingdom),2016-01,2016-01,,Offshore subsea tie-back systems,True,5.0,5.0,1.3380941568790077,13.0
77,77,673,Foinaven,oil and gas,field,United Kingdom,60.31135934,-4.298247174,Offshore,https://www.gem.wiki/Foinaven_Oil_and_Gas_Field_(United_Kingdom),2016-01,2021-03,100.0,Offshore FPSO-based production,True,8.0,8.0,1.393157164341886,8.0
79,79,679,Gannet A,oil and gas,field,United Kingdom,57.18255043,1.00233742,Offshore,https://www.gem.wiki/Gannet_A_Oil_and_Gas_Field_(United_Kingdom),2016-01,2026-02,,Offshore fixed platform production,True,13.0,13.0,0.3630641395408102,13.0
85,85,713,Huntington,oil and gas,field,United Kingdom,57.607,1.6364,Offshore,https://www.gem.wiki/Huntington_Oil_and_Gas_Field_(United_Kingdom),2016-01,2026-02,,Offshore FPSO-based production,True,9.0,9.0,0.9896931031865014,10.0
90,90,752,Maclure,oil and gas,field,United Kingdom,59.36139323,1.620982878,Offshore,https://www.gem.wiki/Maclure_Oil_and_Gas_Field_(United_Kingdom),2016-01,2016-01,20.0,Offshore subsea tie-back systems,True,5.0,5.0,2.615942630577854,13.0
95,95,791,Pierce,oil and gas,field,United Kingdom,57.16033816,2.267980992,Offshore,https://www.gem.wiki/Pierce_Oil_and_Gas_Field_(United_Kingdom),2016-01,2026-02,100.0,Offshore FPSO-based production,True,12.0,13.0,1.27397793015759,13.0
97,97,803,Schiehallion,oil and gas,field,United Kingdom,60.34379524,-4.066336326,Offshore,https://www.gem.wiki/Schiehallion_Oil_and_Gas_Field_(United_Kingdom),2016-01,2026-02,43.0,Offshore FPSO-based production,True,12.0,13.0,1.2308950967397467,13.0
116,116,858,Ku,oil and gas,field,Mexico,19.5078002,-92.19671584,Offshore,"https://www.gem.wiki/Ku_Oil_and_Gas_Field_(Federal_Offshore,_Mexico)",2016-01,2026-02,,Offshore fixed platform production,True,13.0,18.0,1.837555803443758,18.0
118,118,861,Ixachi,oil and gas,field,Mexico,18.5098,-96.1021,Onshore,https://www.gem.wiki/Ixachi_Oil_and_Gas_Field_(Mexico),2019-06,2026-02,100.0,Onshore directional drilling,True,5.0,9.0,0.3642011464095823,9.0
119,119,863,Jujo-Tecominoacán,oil and gas,field,Mexico,17.8784,-93.5168,Onshore,"https://www.gem.wiki/Jujo-Tecominoacán_Oil_and_Gas_Field_(Tabasco,_Mexico)",2016-01,2026-02,100.0,"Enhanced oil recovery (water, gas, or CO₂ injection)",True,13.0,13.0,2.167208078813795,13.0
155,155,941,Caan,oil and gas,field,Mexico,19.23917197,-92.0602703,Offshore,"https://www.gem.wiki/Caan_Oil_and_Gas_Field_(Federal_Offshore,_Mexico)",2016-01,2026-02,100.0,Offshore fixed platform production,True,5.0,5.0,0.5141755162448858,5.0
163,163,956,Teekit Profundo,oil and gas,field,Mexico,18.6167,-93.0761,Offshore,https://www.gem.wiki/Teekit_Profundo_Oil_and_Gas_Field_(Mexico),2018-01,2026-02,,Offshore subsea tie-back systems,True,4.0,4.0,0.4554005752596912,4.0
165,165,958,Zaap,oil and gas,field,Mexico,19.5531,-92.2365,Offshore,"https://www.gem.wiki/Zaap_Oil_and_Gas_Field_(Federal_Offshore,_Mexico)",2016-01,2026-02,,Offshore fixed platform production,True,13.0,20.0,0.5866393574908553,20.0
171,171,971,Cárdenas,oil and gas,field,Mexico,18.0141,-93.4527,Onshore,"https://www.gem.wiki/Cárdenas_Oil_and_Gas_Field_(Tabasco,_Mexico)",2016-01,2026-02,100.0,Onshore conventional vertical drilling,True,13.0,13.0,0.7697027041571013,13.0
198,198,1060,Aguas Blancas (Parex),oil and gas,field,Colombia,6.816,-73.786,Onshore,"https://www.gem.wiki/Aguas_Blancas_(Parex)_Oil_and_Gas_Field_(Santander,_Colombia)",2016-01,2026-02,,Onshore conventional vertical drilling,True,4.0,4.0,2.419561129432267,4.0
204,204,1070,Apiay,oil and gas,field,Colombia,4.052,-73.438,Onshore,"https://www.gem.wiki/Apiay_Oil_and_Gas_Field_(Meta,_Colombia)",2016-01,2026-02,100.0,"Enhanced oil recovery (water, gas, or CO₂ injection)",True,12.0,12.0,1.2955268734677348,12.0
224,224,1160,Curito (Frontera - San Luis De Palenque),oil,field,Colombia,5.112,-71.845,Onshore,"https://www.gem.wiki/Curito_(Frontera_-_San_Luis_De_Palenque)_Oil_Field_(Casanare,_Colombia)",2016-01,2026-02,10.5,Onshore conventional vertical drilling,True,5.0,5.0,0.458832591087783,5.0
234,234,1191,Guatiquia,oil and gas,field,Colombia,4.052,-73.438,Onshore,"https://www.gem.wiki/Guatiquia_Oil_and_Gas_Field_(Meta,_Colombia)",2016-01,2026-02,100.0,,True,12.0,12.0,1.2955268734677348,12.0
237,237,1202,Kananaskis,oil and gas,field,Colombia,4.514,-72.611,Onshore,"https://www.gem.wiki/Kananaskis_Oil_and_Gas_Field_(Casanare,_Colombia)",2016-01,2026-02,100.0,Onshore conventional vertical drilling,True,5.0,5.0,2.023892956872759,5.0
249,249,1234,Ocelote,oil and gas,field,Colombia,4.279,-71.604,Onshore,"https://www.gem.wiki/Ocelote_Oil_and_Gas_Field_(Meta,_Colombia)",2016-01,2026-02,100.0,"Enhanced oil recovery (water, gas, or CO₂ injection)",True,12.0,12.0,1.7109912232888027,12.0
257,257,1279,Rio Zulia,oil and gas,field,Colombia,8.204,-72.453,Onshore,"https://www.gem.wiki/Rio_Zulia_Oil_and_Gas_Field_(Norte_de_Santander,_Colombia)",2016-01,2026-02,100.0,Onshore conventional vertical drilling,True,1.0,1.0,1.748803911842039,1.0
259,259,1286,San Roque,oil and gas,field,Colombia,8.015,-73.595,Onshore,"https://www.gem.wiki/San_Roque_Oil_and_Gas_Field_(Cesar,_Colombia)",2016-01,2026-02,,Onshore conventional vertical drilling,True,8.0,8.0,2.051065931122922,8.0
262,262,1291,Tanane,oil and gas,field,Colombia,4.052,-73.438,Onshore,"https://www.gem.wiki/Tanane_Oil_and_Gas_Field_(Meta,_Colombia)",2016-01,2026-02,10.0,Onshore conventional vertical drilling,True,8.0,8.0,1.2955268734677348,12.0
263,263,1292,Tello,oil and gas,field,Colombia,2.974,-75.229,Onshore,"https://www.gem.wiki/Tello_Oil_and_Gas_Field_(Huila,_Colombia)",2016-01,2026-02,100.0,Onshore pump-assisted production (pumpjack / ESP / PCP),True,13.0,13.0,2.7239409311400355,13.0
265,265,1299,Tisquirama,oil and gas,field,Colombia,8.015,-73.595,Onshore,"https://www.gem.wiki/Tisquirama_Oil_and_Gas_Field_(Cesar,_Colombia)",2016-01,2026-02,,Onshore conventional vertical drilling,True,8.0,8.0,2.051065931122922,8.0
267,267,1311,Yaguara,oil and gas,field,Colombia,2.617,-75.527,Onshore,"https://www.gem.wiki/Yaguara_Oil_and_Gas_Field_(Huila,_Colombia)",2016-01,2026-02,100.0,"Enhanced oil recovery (water, gas, or CO₂ injection)",True,13.0,13.0,1.105420254058027,13.0
283,283,1346,Sleipner Øst,oil and gas,field,Norway,58.38589762,1.927266873,Offshore,https://www.gem.wiki/Sleipner_Øst_Oil_and_Gas_Field_(Norway),2016-01,2026-02,,Offshore fixed platform production,True,13.0,14.0,2.1904681898948075,14.0
284,284,1348,Oseberg Øst,oil and gas,field,Norway,60.68438294,2.959632788,Offshore,https://www.gem.wiki/Oseberg_Øst_Oil_and_Gas_Field_(Norway),2016-01,2026-02,,Offshore fixed platform production,True,1.0,2.0,1.5534266063766182,2.0
306,306,1423,Cuyabeno,oil and gas,field,Ecuador,0.014495146,-76.2793,Onshore,https://www.gem.wiki/Cuyabeno_Oil_and_Gas_Field_(Ecuador),2016-01,2026-02,2000.0,Onshore conventional vertical drilling,True,13.0,13.0,0.9058511295558224,13.0
311,311,1433,Limoncocha,oil and gas,field,Ecuador,-0.351782732,-76.68969014,Onshore,https://www.gem.wiki/Limoncocha_Oil_and_Gas_Field_(Ecuador),2016-01,2026-02,10.0,"Enhanced oil recovery (water, gas, or CO₂ injection)",True,6.0,6.0,1.7496846411904712,6.0
314,314,1436,Pacayacu,oil and gas,field,Ecuador,0.087416667,-76.55708333,Onshore,https://www.gem.wiki/Pacayacu_Oil_and_Gas_Field_(Ecuador),2016-01,2026-02,,Onshore conventional vertical drilling,True,1.0,1.0,2.980992282915292,1.0
323,323,1452,Secoya,oil and gas,field,Ecuador,0.034019644,-76.5986271,Onshore,https://www.gem.wiki/Secoya_Oil_and_Gas_Field_(Ecuador),2016-01,2026-02,100.0,Onshore pump-assisted production (pumpjack / ESP / PCP),True,13.0,13.0,2.3821162411001024,13.0
325,325,1458,Victor Hugo Ruales,oil and gas,field,Ecuador,0.28216704,-76.29418802,Onshore,https://www.gem.wiki/Victor_Hugo_Ruales_Oil_and_Gas_Field_(Ecuador),2016-01,2026-02,10.5,Onshore conventional vertical drilling,True,13.0,13.0,2.0018761673879486,13.0
335,335,1498,Tigana/Jacana,oil,complex,Colombia,4.41,-72.652,Onshore,"https://www.gem.wiki/Tigana/Jacana_Oil_Complex_(Casanare,_Colombia)",2016-01,2026-02,15.0,Onshore hydraulic fracturing (primary technology),True,8.0,8.0,0.0496941283523006,12.0
337,337,1502,Libertador,oil,field,Ecuador,0.031622016,-76.58340651,Onshore,https://www.gem.wiki/Libertador_Oil_Field_(Ecuador),2016-01,2026-02,1000.0,"Enhanced oil recovery (water, gas, or CO₂ injection)",True,13.0,23.0,2.169940705970517,23.0
341,341,1510,Harald,oil and gas,field,Denmark,56.3348,4.2524,Offshore,https://www.gem.wiki/Harald_Oil_and_Gas_Field_(Denmark),2016-01,2026-02,,Offshore fixed platform production,True,6.0,6.0,1.6571460294928833,6.0
348,348,1585,Ravva,oil and gas,block,India,16.487933,82.089667,Offshore,https://www.gem.wiki/Ravva_Oil_and_Gas_Block_(India),2016-01,2026-02,285.0,Offshore fixed platform production,True,1.0,1.0,0.5186612613106756,1.0
355,355,1619,Yumuri-Seboruco,oil,complex,Cuba,23.169,-81.598,Offshore,"https://www.gem.wiki/Yumuri-Seboruco_Oil_Complex_(Matanzas,_Cuba)",2016-01,2026-02,,Onshore conventional vertical drilling,True,7.0,7.0,1.91144116688639,7.0
359,359,1689,Chimire,oil,field,Venezuela,9.031235235,-64.29964637,Onshore,https://www.gem.wiki/Chimire_Oil_Field_(Venezuela),2016-01,2026-02,150.0,"Enhanced oil recovery (water, gas, or CO₂ injection)",True,7.0,9.0,1.165004951858523,9.0
365,365,1724,Ansell,oil and gas,field,Canada,53.438,-116.798,Onshore,"https://www.gem.wiki/Ansell_Oil_and_Gas_Field_(Alberta,_Canada)",2016-01,2026-02,150.0,Onshore hydraulic fracturing (primary technology),True,5.0,5.0,1.8807229862450627,5.0
373,373,1768,Caroline,oil and gas,field,Canada,51.966,-114.783,Onshore,"https://www.gem.wiki/Caroline_Oil_and_Gas_Field_(Alberta,_Canada)",2016-01,2026-02,100.0,Onshore hydraulic fracturing (primary technology),True,9.0,9.0,1.8138998012007828,9.0
377,377,1783,Chickadee,oil and gas,field,Canada,54.304,-116.364,Onshore,"https://www.gem.wiki/Chickadee_Oil_and_Gas_Field_(Alberta,_Canada)",2016-01,2026-02,100.0,Onshore conventional vertical drilling,True,9.0,9.0,2.664642365633875,9.0
398,398,1925,Leland,oil and gas,field,Canada,54.094,-117.81,Onshore,"https://www.gem.wiki/Leland_Oil_and_Gas_Field_(Alberta,_Canada)",2016-01,2026-02,100.0,Onshore conventional vertical drilling,True,5.0,10.0,0.7327153615820544,10.0
399,399,1934,Lochend,oil and gas,field,Canada,51.36,-114.411,Onshore,"https://www.gem.wiki/Lochend_Oil_and_Gas_Field_(Alberta,_Canada)",2016-01,2026-02,100.0,Onshore horizontal drilling (shale / tight oil),True,5.0,5.0,1.664390397178604,5.0
401,401,1951,Marten Hills,oil and gas,field,Canada,55.519,-113.913,Onshore,"https://www.gem.wiki/Marten_Hills_Oil_and_Gas_Field_(Alberta,_Canada)",2018-01,2026-02,1500.0,Onshore hydraulic fracturing (primary technology),True,5.0,6.0,0.5254706906540977,6.0
407,407,1995,Pembina,oil and gas,field,Canada,53.062,-114.891,Onshore,"https://www.gem.wiki/Pembina_Oil_and_Gas_Field_(Alberta,_Canada)",2016-01,2026-02,2500.0,Onshore conventional vertical drilling,True,8.0,9.0,1.2475661019853757,9.0
409,409,2001,Placid,oil and gas,field,Canada,54.194,-117.468,Onshore,"https://www.gem.wiki/Placid_Oil_and_Gas_Field_(Alberta,_Canada)",2016-01,2026-02,100.0,Onshore conventional vertical drilling,True,7.0,7.0,1.7236286374816958,7.0
410,410,2005,Pouce Coupe South,oil and gas,field,Canada,55.684,-119.748,Onshore,"https://www.gem.wiki/Pouce_Coupe_South_Oil_and_Gas_Field_(Alberta,_Canada)",2016-01,2026-02,200.0,Onshore horizontal drilling (shale / tight oil),True,12.0,18.0,1.19688331571267,18.0
421,421,2082,Tony Creek North,oil and gas,field,Canada,54.535,-117.091,Onshore,"https://www.gem.wiki/Tony_Creek_North_Oil_and_Gas_Field_(Alberta,_Canada)",2016-01,2026-02,100.0,Onshore conventional vertical drilling,True,9.0,15.0,1.4582330692584728,15.0
422,422,2089,Valhalla,oil and gas,field,Canada,55.594,-119.204,Onshore,"https://www.gem.wiki/Valhalla_Oil_and_Gas_Field_(Alberta,_Canada)",2016-01,2026-02,256.0,"Enhanced oil recovery (water, gas, or CO₂ injection)",True,5.0,5.0,1.6271342703840967,5.0
424,424,2099,Waskahigan,oil and gas,field,Canada,54.451,-117.423,Onshore,"https://www.gem.wiki/Waskahigan_Oil_and_Gas_Field_(Alberta,_Canada)",2016-01,2026-02,1000.0,Onshore hydraulic fracturing (primary technology),True,5.0,5.0,1.147937751929924,5.0
433,433,2156,Athabasca Area - Scheme 10935AA Oil Sands,oil,project,Canada,55.797,-111.473,Onshore,"https://www.gem.wiki/Athabasca_Area_-_Scheme_10935AA_Oil_Sands_Project_(Alberta,_Canada)",2016-01,2026-02,103.68,Onshore thermal recovery – SAGD,True,5.0,5.0,2.5590259511776434,5.0
440,440,2183,Athabasca Area - Scheme 8788P Oil Sands,oil,project,Canada,56.323,-111.659,Onshore,"https://www.gem.wiki/Athabasca_Area_-_Scheme_8788P_Oil_Sands_Project_(Alberta,_Canada)",2016-01,2026-02,10.24,Onshore thermal recovery – SAGD,True,5.0,5.0,1.6961081729997065,5.0
449,449,2253,Goodwyn S/Pueblo,oil and gas,field,Australia,-19.76587945,115.8635361,Offshore,"https://www.gem.wiki/Goodwyn_S/Pueblo_Oil_and_Gas_Field_(Western_Australia,_Australia)",2016-01,2026-02,100.0,Offshore fixed platform production,True,5.0,5.0,2.7015631376893734,5.0
454,454,2411,Turrum,oil and gas,field,Australia,-38.23272225,148.1947858,Unknown,"https://www.gem.wiki/Turrum_Oil_and_Gas_Field_(Victoria,_Australia)",2016-01,2026-02,,Offshore subsea tie-back systems,True,7.0,7.0,2.304763674390673,8.0
458,458,2485,Kairi,oil and gas,field,Trinidad and Tobago,10.706,-60.591,Offshore,https://www.gem.wiki/Kairi_Oil_and_Gas_Field_(Trinidad_and_Tobago),2016-01,2026-02,100.0,Offshore fixed platform production,True,13.0,13.0,1.374292701706826,13.0
461,461,2515,Oweh,oil,field,Nigeria,5.491,6.122,Onshore,https://www.gem.wiki/Oweh_Oil_Field_(Nigeria),2016-01,2026-02,,Onshore conventional vertical drilling,True,13.0,13.0,1.511034676222574,13.0
462,462,2516,Afiesere/Eriemu,oil,field,Nigeria,5.54525,6.0273,Onshore,https://www.gem.wiki/Afiesere/Eriemu_Oil_Field_(Nigeria),2016-01,2026-02,100.0,Onshore conventional vertical drilling,True,13.0,13.0,1.559720097887908,13.0
464,464,2520,Agbara,oil and gas,field,Nigeria,3.928,6.386,Offshore,https://www.gem.wiki/Agbara_Oil_and_Gas_Field_(Nigeria),2016-01,2026-02,,Offshore fixed platform production,True,13.0,13.0,1.8238075915652685,13.0
467,467,2553,Clough Creek,oil and gas,field,Nigeria,4.863336,5.684402,Onshore,https://www.gem.wiki/Clough_Creek_Oil_and_Gas_Field_(Nigeria),2016-01,2026-02,150.0,Onshore conventional vertical drilling,True,11.0,11.0,1.3860528414316098,11.0
472,472,2580,Erha/Erha North,oil and gas,field,Nigeria,5.372,4.343,Offshore,https://www.gem.wiki/Erha/Erha_North_Oil_and_Gas_Field_(Nigeria),2016-01,2026-02,120.0,Offshore FPSO-based production,True,13.0,13.0,1.3339432535878673,13.0
475,475,2586,Forcados Yokri,oil and gas,field,Nigeria,5.378604,5.326512,Offshore,https://www.gem.wiki/Forcados_Yokri_Oil_and_Gas_Field_(Nigeria),2016-01,2026-02,,,True,13.0,24.0,1.9154038923260817,24.0
483,483,2618,Kwale,oil and gas,field,Nigeria,5.66,6.508,Onshore,https://www.gem.wiki/Kwale_Oil_and_Gas_Field_(Nigeria),2016-01,2026-02,,,True,13.0,16.0,0.9375969941210256,16.0
489,489,2659,Okan,oil and gas,field,Nigeria,5.5813,5.0381,Offshore,https://www.gem.wiki/Okan_Oil_and_Gas_Field_(Nigeria),2016-01,2026-02,100.0,Offshore fixed platform production,True,12.0,12.0,2.3729571266332967,12.0
490,490,2663,Okpai,oil and gas,field,Nigeria,5.702,6.515,Onshore,https://www.gem.wiki/Okpai_Oil_and_Gas_Field_(Nigeria),2016-01,2026-02,,Onshore conventional vertical drilling,True,3.0,3.0,2.1982890579799945,3.0
492,492,2675,Oredo,oil and gas,field,Nigeria,6.075,5.585,Onshore,https://www.gem.wiki/Oredo_Oil_and_Gas_Field_(Nigeria),2016-01,2026-02,187.0,Onshore conventional vertical drilling,True,13.0,14.0,1.2947262145026668,14.0
495,495,2684,Parabe/Eko,oil and gas,field,Nigeria,5.892,4.841,Offshore,https://www.gem.wiki/Parabe/Eko_Oil_and_Gas_Field_(Nigeria),2016-01,2026-02,,Offshore fixed platform production,True,5.0,5.0,1.3768058090840705,5.0
496,496,2689,Rumuekpe,oil and gas,field,Nigeria,4.983,6.669,Onshore,https://www.gem.wiki/Rumuekpe_Oil_and_Gas_Field_(Nigeria),2016-01,2026-02,,Onshore conventional vertical drilling,True,6.0,6.0,1.666182069140418,6.0
499,499,2706,Ughelli East,oil and gas,field,Nigeria,5.5197,5.933,Onshore,https://www.gem.wiki/Ughelli_East_Oil_and_Gas_Field_(Nigeria),2016-01,2026-02,100.0,"Enhanced oil recovery (water, gas, or CO₂ injection)",True,13.0,13.0,0.5880444317121055,13.0
503,503,2717,Utorogu/Ugheli,oil and gas,field,Nigeria,5.514518811,5.936679109,Onshore,https://www.gem.wiki/Utorogu/Ugheli_Oil_and_Gas_Field_(Nigeria),2016-01,2026-02,,Onshore directional drilling,True,13.0,13.0,0.1690607587390631,13.0
506,506,2722,Obiafu/Obrikom,oil and gas,complex,Nigeria,5.417412,6.594477,Onshore,https://www.gem.wiki/Obiafu/Obrikom_Oil_and_Gas_Complex_(Nigeria),2016-01,2026-02,,Onshore conventional vertical drilling,True,6.0,6.0,0.8194521800037792,6.0
513,513,2768,Olomoro,oil and gas,field,Nigeria,5.463,6.174,Onshore,https://www.gem.wiki/Olomoro_Oil_and_Gas_Field_(Nigeria),2016-01,2026-02,,Onshore conventional vertical drilling,True,13.0,13.0,0.6734953200014806,13.0
518,518,2792,July,oil and gas,field,Egypt,28.2282,33.2409,Offshore,https://www.gem.wiki/July_Oil_and_Gas_Field_(Egypt),2016-01,2026-02,100.0,Offshore fixed platform production,True,13.0,13.0,2.429378041986343,13.0
520,520,2814,Berenice,oil,field,Egypt,30.547,26.021,Onshore,https://www.gem.wiki/Berenice_Oil_Field_(Egypt),2016-01,2026-02,100.0,Offshore fixed platform production,True,1.0,1.0,2.5469071154364498,1.0
524,524,2845,Blueberry West,oil and gas,field,Canada,56.679,-121.973,Onshore,"https://www.gem.wiki/Blueberry_West_Oil_and_Gas_Field_(British_Columbia,_Canada)",2016-01,2026-02,100.0,Onshore directional drilling,True,9.0,14.0,2.1128067572042695,14.0
526,526,2855,Buick Creek West,oil and gas,field,Canada,56.87,-121.405,Onshore,"https://www.gem.wiki/Buick_Creek_West_Oil_and_Gas_Field_(British_Columbia,_Canada)",2016-01,2026-02,100.0,Onshore hydraulic fracturing (primary technology),True,1.0,1.0,2.074897572038323,1.0
532,532,2911,Nig Creek,oil and gas,field,Canada,57.05,-121.59,Onshore,"https://www.gem.wiki/Nig_Creek_Oil_and_Gas_Field_(British_Columbia,_Canada)",2016-01,2026-02,1200.0,Onshore directional drilling,True,2.0,2.0,1.7250734008564228,2.0
544,544,3007,Nahr Bin Umar,oil and gas,field,Iraq,30.58,47.531,Onshore,https://www.gem.wiki/Nahr_Bin_Umar_Oil_and_Gas_Field_(Iraq),2016-01,2026-02,100.0,"Enhanced oil recovery (water, gas, or CO₂ injection)",True,1.0,1.0,2.958597645251771,1.0
548,548,3014,Qurna West 2,oil,field,Iraq,30.655,47.305,Onshore,https://www.gem.wiki/Qurna_West_2_Oil_Field_(Iraq),2016-01,2026-02,285.0,Onshore hydraulic fracturing (primary technology),True,1.0,1.0,2.0157422628616284,1.0
552,552,3030,Zubair,oil,field,Iraq,30.4189,47.608,Onshore,https://www.gem.wiki/Zubair_Oil_Field_(Iraq),2016-01,2026-02,900.0,"Enhanced oil recovery (water, gas, or CO₂ injection)",True,13.0,23.0,0.0316481871048299,23.0
565,565,3080,West Patricia,oil and gas,field,Malaysia,3.568,112.829,Offshore,https://www.gem.wiki/West_Patricia_Oil_and_Gas_Field_(Malaysia),2016-01,2026-02,,Offshore fixed platform production,True,13.0,26.0,0.0333745543704952,26.0
566,566,3085,Guntong,oil and gas,field,Malaysia,5.643,105.044,Offshore,https://www.gem.wiki/Guntong_Oil_and_Gas_Field_(Malaysia),2016-01,2026-02,100.0,Offshore fixed platform production,True,13.0,13.0,0.0326308096410294,13.0
591,591,3166,Yadavaran,oil,field,Iran-Iraq,31.05,47.9917,Onshore,https://www.gem.wiki/Yadavaran_Oil_Field_(Iran-Iraq),2016-11,2026-02,600.0,"Enhanced oil recovery (water, gas, or CO₂ injection)",True,1.0,4.0,0.9135404077187584,20.0
604,604,3199,Lali,oil,field,Iran,32.288,49.0344,Onshore,https://www.gem.wiki/Lali_Oil_Field_(Iran),2016-01,2026-02,160.0,Onshore conventional vertical drilling,True,13.0,13.0,2.791889507262356,13.0
607,607,3203,Karanj,oil,field,Iran,30.9902,49.8602,Onshore,https://www.gem.wiki/Karanj_Oil_Field_(Iran),2016-01,2026-02,455.0,"Enhanced oil recovery (water, gas, or CO₂ injection)",True,8.0,18.0,0.958725276127968,18.0
618,618,3263,Qusahwira (Phase 2),oil,field,United Arab Emirates,22.8022,54.7279,Onshore,https://www.gem.wiki/Qusahwira_(Phase_2)_Oil_Field_(United_Arab_Emirates),2017-01,2026-02,1600.0,"Enhanced oil recovery (water, gas, or CO₂ injection)",True,8.0,8.0,2.12107543834365,13.0
619,619,3266,Satah,oil,field,United Arab Emirates,25.116,52.614,Offshore,https://www.gem.wiki/Satah_Oil_Field_(United_Arab_Emirates),2016-01,2026-02,,Offshore fixed platform production,True,13.0,13.0,1.211302250010616,13.0
620,620,3269,Shanayel,oil and gas,field,United Arab Emirates,24.098,54.425,Onshore,https://www.gem.wiki/Shanayel_Oil_and_Gas_Field_(United_Arab_Emirates),2016-01,2026-02,1200.0,Onshore conventional vertical drilling,True,3.0,3.0,1.366265034528028,3.0
621,621,3270,Umm Al Lulu,oil and gas,field,United Arab Emirates,24.483,54.056,Offshore,https://www.gem.wiki/Umm_Al_Lulu_Oil_and_Gas_Field_(United_Arab_Emirates),2016-01,2026-02,432.0,Offshore fixed platform production,True,3.0,3.0,1.4634519296055852,3.0
627,627,3297,Vostochno-Lambeishorskoye,oil,field,Russia,66.857222,56.138611,Onshore,https://www.gem.wiki/Vostochno-Lambeishorskoye_Oil_Field_(Russia),2016-01,2026-02,,"Enhanced oil recovery (water, gas, or CO₂ injection)",True,5.0,5.0,2.007833406098711,5.0
633,633,3319,Russkinskoye,oil,field,Russia,62.05469,73.46489,Onshore,https://www.gem.wiki/Russkinskoye_Oil_Field_(Russia),2016-01,2026-02,1000.0,Onshore hydraulic fracturing (primary technology),True,6.0,6.0,2.212472293357373,6.0
634,634,3321,Bystrinskoye,oil,field,Russia,61.533889,72.748889,Onshore,https://www.gem.wiki/Bystrinskoye_Oil_Field_(Russia),2016-01,2026-02,,Onshore conventional vertical drilling,True,5.0,5.0,1.1627504911476592,5.0
640,640,3340,Raudhatain,oil,field,Kuwait,29.86804,47.71637,Onshore,https://www.gem.wiki/Raudhatain_Oil_Field_(Kuwait),2016-01,2026-02,120.0,"Enhanced oil recovery (water, gas, or CO₂ injection)",True,13.0,29.0,0.1375343787135696,29.0
643,643,3344,Wafra,oil,field,Kuwait-Saudi Arabia,28.5894,47.8886,Onshore,https://www.gem.wiki/Wafra_Oil_Field_(Kuwait-Saudi_Arabia),2016-01,2026-02,5000.0,"Enhanced oil recovery (water, gas, or CO₂ injection)",True,9.0,19.0,0.2947260902433642,19.0
655,655,3370,Srednebotuobinskoye,oil and gas,field,Russia,61.783351,113.14476,Onshore,https://www.gem.wiki/Srednebotuobinskoye_Oil_and_Gas_Field_(Russia),2016-01,2026-02,1000.0,Onshore hydraulic fracturing (primary technology),True,12.0,12.0,2.198954068453241,13.0
656,656,3371,Vostochno-Messoyakhskoe,oil and gas,field,Russia,68.5,79.7,Onshore,https://www.gem.wiki/Vostochno-Messoyakhskoe_Oil_and_Gas_Field_(Russia),2016-09,2026-02,480.0,Onshore hydraulic fracturing (primary technology),True,2.0,2.0,2.307464939981279,6.0
658,658,3378,Sorochinsko-Nikolskoye,oil,field,Russia,52.583611,53.231944,Onshore,https://www.gem.wiki/Sorochinsko-Nikolskoye_Oil_Field_(Russia),2016-01,2026-02,100.0,Onshore conventional vertical drilling,True,12.0,12.0,2.4791532962200096,12.0
666,666,3406,North Field Alpha,oil and gas,field,Qatar,26.57116,51.85212,Offshore,https://www.gem.wiki/North_Field_Alpha_Oil_and_Gas_Field_(Qatar),2016-01,2026-02,,Offshore fixed platform production,True,5.0,5.0,1.901973972997898,5.0
678,678,3453,Safah/Wadi Latham,oil and gas,field,Oman,23.1614,55.4485,Onshore,https://www.gem.wiki/Safah/Wadi_Latham_Oil_and_Gas_Field_(Oman),2016-01,2026-02,,Onshore conventional vertical drilling,True,13.0,16.0,0.7583544235405396,16.0
684,684,3473,Yaraktinskoye,oil,field,Russia,58.000833,106.666944,Onshore,https://www.gem.wiki/Yaraktinskoye_Oil_Field_(Russia),2016-01,2026-02,1500.0,"Enhanced oil recovery (water, gas, or CO₂ injection)",True,6.0,21.0,1.909007117745119,21.0
685,685,3474,Malobalykskoye,oil,field,Russia,60.500556,72.232222,Onshore,https://www.gem.wiki/Malobalykskoye_Oil_Field_(Russia),2016-01,2026-02,1000.0,Onshore pump-assisted production (pumpjack / ESP / PCP),True,10.0,10.0,0.9268090167513529,10.0
690,690,3493,Zhanazhol,oil and gas,field,Kazakhstan,48.3175,57.4417,Onshore,https://www.gem.wiki/Zhanazhol_Oil_and_Gas_Field_(Kazakhstan),2016-01,2026-02,1000.0,"Enhanced oil recovery (water, gas, or CO₂ injection)",True,13.0,17.0,1.1852177358391431,17.0
694,694,3516,Hassi Berkine Sud,oil and gas,field,Algeria,30.804,8.03,Onshore,https://www.gem.wiki/Hassi_Berkine_Sud_Oil_and_Gas_Field_(Algeria),2016-01,2026-02,490.0,"Enhanced oil recovery (water, gas, or CO₂ injection)",True,13.0,13.0,2.4280317546404127,13.0
697,697,3525,Kumkol North,oil and gas,field,Kazakhstan,46.48972718,65.60162,Onshore,https://www.gem.wiki/Kumkol_North_Oil_and_Gas_Field_(Kazakhstan),2016-01,2026-02,1000.0,"Enhanced oil recovery (water, gas, or CO₂ injection)",True,8.0,13.0,0.6903350981218872,13.0
704,704,3551,Tamadanet,oil and gas,field,Algeria,28.659,8.931,Onshore,https://www.gem.wiki/Tamadanet_Oil_and_Gas_Field_(Algeria),2016-01,2026-02,1200.0,Onshore conventional vertical drilling,True,7.0,12.0,1.5066593157359731,12.0
714,714,3592,Gialo,oil,field,Libya,28.708565,21.379717,Onshore,https://www.gem.wiki/Gialo_Oil_Field_(Libya),2016-01,2026-02,,"Enhanced oil recovery (water, gas, or CO₂ injection)",True,13.0,15.0,0.3182468754136326,15.0
715,715,3596,Jebel,oil and gas,field,Libya,28.632376,19.886873,Onshore,https://www.gem.wiki/Jebel_Oil_and_Gas_Field_(Libya),2016-01,2026-02,,Onshore conventional vertical drilling,True,10.0,15.0,0.5868004272249047,15.0
717,717,3598,Messla,oil,field,Libya,27.988097,22.329551,Onshore,https://www.gem.wiki/Messla_Oil_Field_(Libya),2016-01,2026-02,1000.0,"Enhanced oil recovery (water, gas, or CO₂ injection)",True,13.0,13.0,0.5677955842315738,13.0
720,720,3605,Raguba,oil,field,Libya,29.076552,19.068645,Onshore,https://www.gem.wiki/Raguba_Oil_Field_(Libya),2016-01,2026-02,,"Enhanced oil recovery (water, gas, or CO₂ injection)",True,13.0,15.0,0.737700451855001,15.0
721,721,3606,Sarir,oil and gas,field,Libya,27.6431,22.5231,Onshore,https://www.gem.wiki/Sarir_Oil_and_Gas_Field_(Libya),2016-01,2026-02,2200.0,Onshore conventional vertical drilling,True,13.0,13.0,2.0917847415668205,13.0
722,722,3607,Wadi,oil and gas,field,Libya,28.744,19.615,Onshore,https://www.gem.wiki/Wadi_Oil_and_Gas_Field_(Libya),2016-01,2026-02,1000.0,Onshore conventional vertical drilling,True,5.0,5.0,2.053896085785273,5.0
723,723,3608,Wafa,oil and gas,field,Libya,28.890256,10.025185,Onshore,https://www.gem.wiki/Wafa_Oil_and_Gas_Field_(Libya),2016-01,2026-02,,Onshore directional drilling,True,13.0,13.0,0.3040079226181569,13.0
750,750,3766,Northstar,oil and gas,field,United States,70.50224096,-148.7371429,Offshore,"https://www.gem.wiki/Northstar_Oil_and_Gas_Field_(Alaska,_United_States)",2016-01,2026-02,25.9,Offshore fixed platform production,True,13.0,20.0,1.19961751125502,20.0
754,754,3785,Makori,oil and gas,field,Pakistan,33.2909,71.1996,Onshore,https://www.gem.wiki/Makori_Oil_and_Gas_Field_(Pakistan),2016-01,2026-02,24.5,Onshore conventional vertical drilling,True,13.0,18.0,1.4100452179248106,18.0
756,756,3787,Makori East,oil and gas,field,Pakistan,33.266,71.3094,Onshore,https://www.gem.wiki/Makori_East_Oil_and_Gas_Field_(Pakistan),2016-01,2026-02,24.98,Onshore conventional vertical drilling,True,13.0,25.0,0.1355123322135806,25.0
763,763,3917,Battrum Roseray,oil,pool,Canada,50.537,-108.269,Onshore,"https://www.gem.wiki/Battrum_Roseray_Oil_Pool_(Saskatchewan,_Canada)",2016-01,2026-02,100.0,"Enhanced oil recovery (water, gas, or CO₂ injection)",True,12.0,12.0,0.8369208286864548,12.0
767,767,3949,Buffalo Coulee N Bakken,oil,pool,Canada,51.785,-109.383,Onshore,"https://www.gem.wiki/Buffalo_Coulee_N_Bakken_Oil_Pool_(Saskatchewan,_Canada)",2016-01,2026-02,10.3,Onshore horizontal drilling (shale / tight oil),True,4.0,4.0,1.0291345022923355,4.0
769,769,3957,Cantal Frobisher-Alida,oil,pool,Canada,49.412,-101.923,Onshore,"https://www.gem.wiki/Cantal_Frobisher-Alida_Oil_Pool_(Saskatchewan,_Canada)",2016-01,2026-02,25.9,Onshore directional drilling,True,1.0,1.0,2.221800247308693,1.0
772,772,3977,Coleville Bakken,oil,pool,Canada,51.676,-109.237,Onshore,"https://www.gem.wiki/Coleville_Bakken_Oil_Pool_(Saskatchewan,_Canada)",2016-01,2026-02,100.0,Onshore hydraulic fracturing (primary technology),True,8.0,8.0,1.3275367870394026,8.0
775,775,3980,Coleville South Bakken,oil,pool,Canada,51.644,-109.182,Onshore,"https://www.gem.wiki/Coleville_South_Bakken_Oil_Pool_(Saskatchewan,_Canada)",2016-01,2026-02,10.3,Onshore conventional vertical drilling,True,7.0,7.0,1.634479205734976,7.0
780,780,4021,Edam East Lloydminster,oil,pool,Canada,53.115,-108.662,Onshore,"https://www.gem.wiki/Edam_East_Lloydminster_Oil_Pool_(Saskatchewan,_Canada)",2016-01,2026-02,12.42,Onshore conventional vertical drilling,True,3.0,4.0,1.1278894603715826,4.0
783,783,4031,Elcott East Midale,oil,pool,Canada,49.043,-102.171,Onshore,"https://www.gem.wiki/Elcott_East_Midale_Oil_Pool_(Saskatchewan,_Canada)",2016-01,2026-02,4.86,"Enhanced oil recovery (water, gas, or CO₂ injection)",True,6.0,6.0,1.76578957285869,6.0
787,787,4047,Eyehill Cummings/Dina,oil,pool,Canada,52.432,-109.96,Onshore,"https://www.gem.wiki/Eyehill_Cummings/Dina_Oil_Pool_(Saskatchewan,_Canada)",2016-01,2026-02,50.0,Onshore conventional vertical drilling,True,1.0,1.0,1.9144993027114523,1.0
794,794,4094,Hartaven Frobisher-Alida,oil,pool,Canada,49.779,-103.12,Onshore,"https://www.gem.wiki/Hartaven_Frobisher-Alida_Oil_Pool_(Saskatchewan,_Canada)",2016-01,2026-02,10.0,"Enhanced oil recovery (water, gas, or CO₂ injection)",True,8.0,8.0,2.3976468305083136,8.0
806,806,4140,Lashburn East Waseca,oil,pool,Canada,53.204,-109.394,Onshore,"https://www.gem.wiki/Lashburn_East_Waseca_Oil_Pool_(Saskatchewan,_Canada)",2016-01,2026-02,10.5,Onshore pump-assisted production (pumpjack / ESP / PCP),True,2.0,2.0,1.890325464862327,2.0
815,815,4173,Mantario N Basal Mann,oil,pool,Canada,51.351,-109.757,Onshore,"https://www.gem.wiki/Mantario_N_Basal_Mann_Oil_Pool_(Saskatchewan,_Canada)",2016-01,2026-02,10.36,Onshore conventional vertical drilling,True,10.0,11.0,1.2401706653630464,11.0
825,825,4216,Oungre South Ratcliffe,oil,pool,Canada,49.035,-103.614,Onshore,"https://www.gem.wiki/Oungre_South_Ratcliffe_Oil_Pool_(Saskatchewan,_Canada)",2016-01,2026-02,10.0,Onshore conventional vertical drilling,True,10.0,10.0,2.1334269077752497,10.0
831,831,4231,Plenty Viking,oil,pool,Canada,51.8,-108.729,Onshore,"https://www.gem.wiki/Plenty_Viking_Oil_Pool_(Saskatchewan,_Canada)",2016-01,2026-02,12.42,Onshore conventional vertical drilling,True,5.0,5.0,2.969385073767598,5.0
838,838,4251,Roche Percee Bakken,oil,pool,Canada,49.069,-102.798,Onshore,"https://www.gem.wiki/Roche_Percee_Bakken_Oil_Pool_(Saskatchewan,_Canada)",2016-01,2026-02,100.0,Onshore horizontal drilling (shale / tight oil),True,5.0,5.0,2.7930805031262618,5.0
850,850,4322,Viewfield E Frobisher,oil,pool,Canada,49.552,-102.989,Onshore,"https://www.gem.wiki/Viewfield_E_Frobisher_Oil_Pool_(Saskatchewan,_Canada)",2016-01,2026-02,100.0,Onshore hydraulic fracturing (primary technology),True,7.0,7.0,0.8889732417926822,7.0
856,856,4334,West Kingsford Midale,oil,pool,Canada,49.315,-102.876,Onshore,"https://www.gem.wiki/West_Kingsford_Midale_Oil_Pool_(Saskatchewan,_Canada)",2016-01,2026-02,10.0,"Enhanced oil recovery (water, gas, or CO₂ injection)",True,1.0,1.0,0.847813911869939,1.0
857,857,4339,Weyburn Frobisher,oil,pool,Canada,49.488,-103.672,Onshore,"https://www.gem.wiki/Weyburn_Frobisher_Oil_Pool_(Saskatchewan,_Canada)",2016-01,2026-02,1500.0,"Enhanced oil recovery (water, gas, or CO₂ injection)",True,1.0,1.0,2.8169956676409194,1.0
863,863,4383,Luda 5-2N,oil,field,China,39.9667,120.7832,Offshore,"https://www.gem.wiki/Luda_5-2N_Oil_Field_(Bohai,_China)",2019-01,2026-02,17.1,Offshore fixed platform production,True,6.0,8.0,2.3287652383570636,22.0
865,865,4394,Luda 4-2,oil,field,China,39.95,120.85,Offshore,"https://www.gem.wiki/Luda_4-2_Oil_Field_(Bohai,_China)",2016-01,2026-02,10.0,Offshore fixed platform production,True,13.0,13.0,2.7211746198874325,13.0
867,867,4448,Maari,oil and gas,field,New Zealand,-39.9694,173.3119,Offshore,https://www.gem.wiki/Maari_Oil_and_Gas_Field_(New_Zealand),2016-01,2022-05,100.0,Offshore fixed platform production,True,11.0,11.0,1.2285687516355748,13.0
871,871,4469,Caddo Pine Island - Aethon,oil and gas,asset,United States,32.68890248,-93.86700144,Onshore,"https://www.gem.wiki/Caddo_Pine_Island_-_Aethon_Oil_and_Gas_Asset_(Louisiana,_United_States)",2016-01,2026-02,404.69,Onshore hydraulic fracturing (primary technology),True,5.0,10.0,1.7386027842676834,10.0
872,872,4481,Lucius (KC875) - Anadarko,oil and gas,asset,United States,26.10225,-92.0615,Offshore,"https://www.gem.wiki/Lucius_(KC875)_-_Anadarko_Oil_and_Gas_Asset_(Federal_offshore,_United_States)",2016-01,2026-02,,Offshore fixed platform production,True,2.0,2.0,1.113752514994389,5.0
873,873,4483,Holstein (GC644) - Anadarko,oil and gas,asset,United States,27.3265,-90.539,Offshore,"https://www.gem.wiki/Holstein_(GC644)_-_Anadarko_Oil_and_Gas_Asset_(Federal_offshore,_United_States)",2016-01,2026-02,,Offshore fixed platform production,True,11.0,11.0,0.4817233237604407,11.0
881,881,4524,DJ Horizontal Niobrara - Bison,oil and gas,asset,United States,40.652082,-104.0780917,Onshore,"https://www.gem.wiki/DJ_Horizontal_Niobrara_-_Bison_Oil_and_Gas_Asset_(Colorado,_United_States)",2016-01,2026-02,40.47,Onshore horizontal drilling (shale / tight oil),True,5.0,5.0,2.2202521541517592,5.0
899,899,4658,Lobster/Oyster (EW873) - Talos,oil and gas,asset,United States,28.089,-90.186,Offshore,"https://www.gem.wiki/Lobster/Oyster_(EW873)_-_Talos_Oil_and_Gas_Asset_(Federal_offshore,_United_States)",2016-01,2026-02,,Offshore subsea tie-back systems,True,8.0,8.0,2.0201103306300183,8.0
914,914,4737,Lake Washington - Hilcorp,oil and gas,asset,United States,29.37284212,-89.79130696,Offshore,"https://www.gem.wiki/Lake_Washington_-_Hilcorp_Oil_and_Gas_Asset_(Louisiana,_United_States)",2016-01,2026-02,81.0,"Enhanced oil recovery (water, gas, or CO₂ injection)",True,5.0,15.0,0.6699671963146341,15.0
915,915,4747,Duck Lake - Hilcorp,oil and gas,asset,United States,29.79517615,-91.31959858,Onshore,"https://www.gem.wiki/Duck_Lake_-_Hilcorp_Oil_and_Gas_Asset_(Louisiana,_United_States)",2016-01,2026-02,40.47,"Enhanced oil recovery (water, gas, or CO₂ injection)",True,1.0,1.0,1.4098901367832546,1.0
916,916,4748,Venice - Hilcorp,oil and gas,asset,United States,29.24629198,-89.409263,Onshore,"https://www.gem.wiki/Venice_-_Hilcorp_Oil_and_Gas_Asset_(Louisiana,_United_States)",2016-01,2026-02,,Onshore conventional vertical drilling,True,9.0,14.0,0.4797155333193296,14.0
918,918,4791,Front Runner (GC339) - Murphy,oil and gas,asset,United States,27.615,-90.443,Offshore,"https://www.gem.wiki/Front_Runner_(GC339)_-_Murphy_Oil_and_Gas_Asset_(Federal_offshore,_United_States)",2016-01,2026-02,,Offshore fixed platform production,True,10.0,10.0,1.1460740426896645,10.0
920,920,4804,Medusa (MC582) - Murphy,oil and gas,asset,United States,28.3935,-89.4665,Offshore,"https://www.gem.wiki/Medusa_(MC582)_-_Murphy_Oil_and_Gas_Asset_(Federal_offshore,_United_States)",2016-01,2026-02,,Offshore subsea tie-back systems,True,8.0,8.0,1.280765169577318,8.0
921,921,4805,Marmalard (MC300) - Murphy,oil and gas,asset,United States,28.70833333,-88.18933333,Offshore,"https://www.gem.wiki/Marmalard_(MC300)_-_Murphy_Oil_and_Gas_Asset_(Federal_offshore,_United_States)",2016-01,2026-02,,Offshore subsea tie-back systems,True,1.0,1.0,1.7340317057714365,1.0
928,928,4827,Wattenberg - Noble,oil and gas,asset,United States,40.34343597,-104.580949,Onshore,"https://www.gem.wiki/Wattenberg_-_Noble_Oil_and_Gas_Asset_(Colorado,_United_States)",2016-01,2026-02,364.2174,Onshore horizontal drilling (shale / tight oil),True,6.0,26.0,1.343831830498858,26.0
947,947,4905,Kent Bayou - Texas Petroleum Investment,oil and gas,asset,United States,29.52209519,-91.06491707,Onshore,"https://www.gem.wiki/Kent_Bayou_-_Texas_Petroleum_Investment_Oil_and_Gas_Asset_(Louisiana,_United_States)",2016-01,2026-02,25.9,"Enhanced oil recovery (water, gas, or CO₂ injection)",True,9.0,9.0,0.6604553789316052,9.0
964,964,4987,Scott - Anschutz,oil and gas,asset,United States,43.02086708,-105.3861258,Onshore,"https://www.gem.wiki/Scott_-_Anschutz_Oil_and_Gas_Asset_(Wyoming,_United_States)",2016-01,2026-02,40.4686,Onshore conventional vertical drilling,True,6.0,10.0,1.7325226757360537,10.0
973,973,5025,Big Sand Draw - Denbury,oil and gas,asset,United States,42.752811,-108.1697343,Onshore,"https://www.gem.wiki/Big_Sand_Draw_-_Denbury_Oil_and_Gas_Asset_(Wyoming,_United_States)",2016-01,2026-02,40.47,"Enhanced oil recovery (water, gas, or CO₂ injection)",True,5.0,5.0,0.069847645661079,5.0
982,982,5062,Whitney Canyon-Carter Creek - Hilcorp,oil and gas,asset,United States,41.56795455,-110.9089688,Onshore,"https://www.gem.wiki/Whitney_Canyon-Carter_Creek_-_Hilcorp_Oil_and_Gas_Asset_(Wyoming,_United_States)",2016-01,2026-02,,,True,8.0,8.0,0.56152815254588,8.0
988,988,5084,Oregon Basin - Merit,oil and gas,asset,United States,44.3815943,-108.9060159,Onshore,"https://www.gem.wiki/Oregon_Basin_-_Merit_Oil_and_Gas_Asset_(Wyoming,_United_States)",2016-01,2026-02,81.0,"Enhanced oil recovery (water, gas, or CO₂ injection)",True,7.0,7.0,2.6731602219651833,7.0
999,999,5119,Little Thunder - True,oil and gas,asset,United States,43.66579,-105.3841533,Onshore,"https://www.gem.wiki/Little_Thunder_-_True_Oil_and_Gas_Asset_(Wyoming,_United_States)",2016-01,2026-02,40.47,Onshore pump-assisted production (pumpjack / ESP / PCP),True,1.0,1.0,1.958757245020384,1.0
1002,1002,5137,Strike - Wamsutter,oil and gas,asset,United States,41.88557933,-108.1518343,Onshore,"https://www.gem.wiki/Strike_-_Wamsutter_Oil_and_Gas_Asset_(Wyoming,_United_States)",2016-01,2026-02,1416.0,Onshore hydraulic fracturing (primary technology),True,2.0,2.0,1.7256367468717713,2.0
1003,1003,5142,Bruff - Wexpro,oil and gas,asset,United States,41.5510447,-110.0606172,Onshore,"https://www.gem.wiki/Bruff_-_Wexpro_Oil_and_Gas_Asset_(Wyoming,_United_States)",2016-01,2026-02,,Onshore conventional vertical drilling,True,6.0,6.0,1.770205492501228,6.0
1011,1011,5160,Plutonio,oil,field,Angola,-7.8659,12.1726,Offshore,https://www.gem.wiki/Plutonio_Oil_Field_(Angola),2016-01,2026-02,,Offshore FPSO-based production,True,5.0,5.0,2.5962434156533223,5.0
1014,1014,5209,Aguada de Castro,oil and gas,field,Argentina,-38.26389,-69.56702,Onshore,https://www.gem.wiki/Aguada_de_Castro_Gas_Field_(Argentina),2016-01,2026-02,100.0,,True,5.0,5.0,1.887814805915231,5.0
1017,1017,5213,Aguada Federal,oil and gas,field,Argentina,-38.08911,-68.72294,Onshore,https://www.gem.wiki/Aguada_Federal_Oil_and_Gas_Field_(Argentina),2016-01,2026-02,100.0,Onshore hydraulic fracturing (primary technology),True,8.0,8.0,1.4792292387501471,8.0
1023,1023,5225,Bandurria Centro,oil and gas,field,Argentina,-38.16537,-68.84046,Onshore,https://www.gem.wiki/Bandurria_Centro_Oil_and_Gas_Field_(Argentina),2016-01,2026-02,229.0,Onshore hydraulic fracturing (primary technology),True,10.0,10.0,0.4336086703355798,12.0
1029,1029,5234,Campo Duran,oil and gas,field,Argentina,-22.1709,-63.6434,Unknown,https://www.gem.wiki/Campo_Duran_Oil_and_Gas_Field_(Argentina),2016-01,2026-02,1000.0,"Enhanced oil recovery (water, gas, or CO₂ injection)",True,12.0,17.0,1.8373975041549797,17.0
1033,1033,5247,Centenario Centro,oil and gas,field,Argentina,-38.90285,-68.2278,Onshore,https://www.gem.wiki/Centenario_Centro_Oil_and_Gas_Field_(Argentina),2016-01,2026-02,100.0,Onshore hydraulic fracturing (primary technology),True,13.0,18.0,1.5097409207074195,18.0
1036,1036,5262,Chihuido de la Salina Centro Sur,oil and gas,field,Argentina,-37.03284,-69.57789,Onshore,https://www.gem.wiki/Chihuido_de_la_Salina_Centro_Sur_Oil_and_Gas_Field_(Argentina),2016-01,2026-02,,Onshore conventional vertical drilling,True,11.0,17.0,1.151499566486763,17.0
1041,1041,5268,Confluencia Sur,oil and gas,field,Argentina,-36.95368,-69.59608,Onshore,https://www.gem.wiki/Confluencia_Sur_Oil_and_Gas_Field_(Argentina),2016-01,2026-02,100.0,Onshore conventional vertical drilling,True,8.0,8.0,0.634073186581034,8.0
1055,1055,5299,Estancia Agua Fresca,oil and gas,field,Argentina,-50.7612,-70.52856,Onshore,https://www.gem.wiki/Estancia_Agua_Fresca_Oil_and_Gas_Field_(Argentina),2016-01,2026-02,1000.0,Onshore conventional vertical drilling,True,12.0,12.0,1.295361406705207,12.0
1059,1059,5312,Koluel Kaike (Santa Cruz) - Pan American,oil and gas,asset,Argentina,-46.70696,-68.28138,Onshore,https://www.gem.wiki/Koluel_Kaike_(Santa_Cruz)_-_Pan_American_Oil_and_Gas_Asset_(Argentina),2016-01,2026-02,1000.0,Onshore conventional vertical drilling,True,1.0,1.0,0.5391568872654344,1.0
1069,1069,5333,Loma de María,oil and gas,field,Argentina,-38.8159,-67.6804,Onshore,https://www.gem.wiki/Loma_de_María_Oil_and_Gas_Field_(Argentina),2016-01,2026-02,100.0,"Enhanced oil recovery (water, gas, or CO₂ injection)",True,7.0,7.0,1.563014912284142,7.0
1071,1071,5335,Loma las Yeguas,oil and gas,field,Argentina,-38.05207,-68.82809,Onshore,https://www.gem.wiki/Loma_las_Yeguas_Oil_and_Gas_Field_(Argentina),2016-01,2026-02,100.0,Onshore conventional vertical drilling,True,13.0,13.0,2.226407878908002,13.0
1076,1076,5351,Meseta Espinosa (CGSJ-10),oil and gas,field,Argentina,-46.53353,-67.95071,Onshore,https://www.gem.wiki/Meseta_Espinosa_(CGSJ-10)_Oil_and_Gas_Field_(Argentina),2016-01,2026-02,100.0,Onshore conventional vertical drilling,True,5.0,5.0,1.7182042110724909,5.0
1078,1078,5355,Palenque de la China,oil and gas,field,Argentina,-38.4818,-67.7349,Onshore,https://www.gem.wiki/Palenque_de_la_China_Oil_and_Gas_Field_(Argentina),2016-01,2026-02,100.0,Onshore conventional vertical drilling,True,5.0,5.0,2.392854766205838,5.0
1079,1079,5356,Pampa de las Yeguas I,oil and gas,field,Argentina,-37.80289,-69.33514,Onshore,https://www.gem.wiki/Pampa_de_las_Yeguas_I_Oil_and_Gas_Field_(Argentina),2016-01,2026-02,100.0,Onshore conventional vertical drilling,True,11.0,11.0,0.1449053127804946,11.0
1091,1091,5388,Sierra Barrosa,oil and gas,field,Argentina,-38.74219,-68.94625,Onshore,https://www.gem.wiki/Sierra_Barrosa_Oil_and_Gas_Field_(Argentina),2016-01,2026-02,100.0,"Enhanced oil recovery (water, gas, or CO₂ injection)",True,13.0,27.0,1.148703507406312,27.0
1093,1093,5395,Tres Picos (Chubut),oil and gas,field,Argentina,-45.88074,-68.61636,Onshore,https://www.gem.wiki/Tres_Picos_(Chubut)_Oil_and_Gas_Field_(Argentina),2016-01,2026-02,100.0,Onshore conventional vertical drilling,True,6.0,11.0,1.171261510248246,11.0
1098,1098,5406,Harding Redevelopment,oil and gas,field,United Kingdom,59.2893,1.5325,Offshore,https://www.gem.wiki/Harding_Redevelopment_Oil_and_Gas_Field_(United_Kingdom),2016-01,2026-02,100.0,Offshore fixed platform production,True,13.0,14.0,1.4339071200197235,14.0
1099,1099,5407,Tullich Redevelopment,oil and gas,field,United Kingdom,59.2893,1.5325,Offshore,https://www.gem.wiki/Tullich_Redevelopment_Oil_and_Gas_Field_(United_Kingdom),2016-01,2026-02,,Offshore subsea tie-back systems,True,13.0,14.0,1.4339071200197235,14.0
1104,1104,5442,Melehia West Deep,oil and gas,field,Egypt,30.75963231,27.05012338,Onshore,https://www.gem.wiki/Melehia_West_Deep_Oil_and_Gas_Field_(Egypt),2019-01,2026-02,,,True,2.0,5.0,0.4876423178474597,18.0
1107,1107,5451,N'Kossa Marine,oil,field,Republic of the Congo,-5.2777,11.5553,Offshore,https://www.gem.wiki/N'Kossa_Marine_Oil_Field_(Republic_of_the_Congo),2016-01,2026-02,,Offshore FPSO-based production,True,13.0,19.0,0.8848153362100847,19.0
1131,1131,5672,Rabi,oil and gas,field,Gabon,-1.9578,9.8671,Onshore,https://www.gem.wiki/Rabi_Oil_and_Gas_Field_(Gabon),2016-01,2026-02,1000.0,"Enhanced oil recovery (water, gas, or CO₂ injection)",True,13.0,24.0,0.7073608370973824,24.0
1132,1132,5677,Suizhong 36-1,oil,field,China,39.9501,120.836,Offshore,"https://www.gem.wiki/Suizhong_36-1_Oil_Field_(Bohai,_China)",2016-01,2026-02,20.7,Offshore fixed platform production,True,13.0,26.0,2.0218937441395175,26.0
1133,1133,5684,Kutubu,oil,project,Papua New Guinea,-6.4382,143.1935,Onshore,https://www.gem.wiki/Kutubu_Oil_Project_(Papua_New_Guinea),2016-01,2026-02,100.0,"Enhanced oil recovery (water, gas, or CO₂ injection)",True,7.0,7.0,1.9954211139517712,7.0
1137,1137,5731,Seria,oil,field,Brunei,4.644241,114.398061,Onshore,https://www.gem.wiki/Seria_Oil_Field_(Brunei),2016-01,2026-02,200.0,"Enhanced oil recovery (water, gas, or CO₂ injection)",True,1.0,1.0,0.0,1.0
1143,1143,5830,Horst,oil and gas,field,Trinidad and Tobago,10.706,-60.591,Offshore,https://www.gem.wiki/Horst_Oil_and_Gas_Field_(Trinidad_and_Tobago),2016-01,2026-02,,Offshore fixed platform production,True,13.0,13.0,1.374292701706826,13.0
1149,1149,5900,Yen-Yakhinskoye (Oil Rim),oil,asset,Russia,67.008501,76.296616,Onshore,https://www.gem.wiki/Yen-Yakhinskoye_(Oil_Rim)_Oil_Asset_(Russia),2016-01,2026-02,,Onshore hydraulic fracturing (primary technology),True,13.0,30.0,0.2063928478771816,30.0
1150,1150,5901,Bolshoi Urengoy,oil and gas,sub-basin,Russia,66.45255028,76.63852084,Onshore,https://www.gem.wiki/Bolshoi_Urengoy_Oil_and_Gas_Sub-Basin_(Russia),2016-01,2026-02,12000.0,Onshore conventional vertical drilling,True,9.0,36.0,1.0998599163905658,36.0
1156,1156,5952,Mangahewa,oil and gas,field,New Zealand,-39.066,174.306,Onshore,https://www.gem.wiki/Mangahewa_Oil_and_Gas_Field_(New_Zealand),2016-01,2026-02,100.0,Onshore hydraulic fracturing (primary technology),True,9.0,27.0,1.0542740573606149,27.0
1158,1158,5955,Padouk,oil and gas,field,Cameroon,4.274347705,8.417399263,Offshore,https://www.gem.wiki/Padouk_Oil_and_Gas_Field_(Cameroon),2016-01,2026-02,,Offshore fixed platform production,True,13.0,34.0,0.0251810570684631,34.0
1167,1167,6014,Ovintiv Mid-Continent - Grady,oil and gas,asset,United States,34.89676204,-97.71766228,Onshore,"https://www.gem.wiki/Ovintiv_Mid-Continent_-_Grady_Oil_and_Gas_Asset_(Oklahoma,_United_States)",2016-01,2026-02,,Onshore hydraulic fracturing (primary technology),True,2.0,2.0,1.4775900918149485,2.0
1177,1177,6149,Puerto Escondido ,oil and gas,field,Cuba,23.17140544,-81.72025252,Offshore,https://www.gem.wiki/Puerto_Escondido__Oil_and_Gas_Field_(Cuba),2016-01,2026-02,,Offshore FPSO-based production,True,1.0,1.0,2.0613006915684715,1.0
1183,1183,6166,Doe - Arcres,oil and gas,asset,Canada,55.945,-120.17,Onshore,"https://www.gem.wiki/Doe_-_Arcres_Oil_and_Gas_Asset_(British_Columbia,_Canada)",2016-01,2026-02,100.0,Onshore conventional vertical drilling,True,12.0,24.0,1.471702658371024,24.0
1192,1192,6196,Nig - Tourmaline,oil and gas,asset,Canada,57.05,-121.59,Onshore,"https://www.gem.wiki/Nig_-_Tourmaline_Oil_and_Gas_Asset_(British_Columbia,_Canada)",2016-01,2026-02,40.47,Onshore hydraulic fracturing (primary technology),True,2.0,2.0,1.7250734008564228,2.0
1194,1194,6203,Inga - Cop,oil and gas,asset,Canada,56.613,-121.648,Onshore,"https://www.gem.wiki/Inga_-_Cop_Oil_and_Gas_Asset_(British_Columbia,_Canada)",2016-01,2026-02,,Onshore hydraulic fracturing (primary technology),True,2.0,2.0,2.215414429015309,2.0
1198,1198,6221,Inga - Arcres,oil and gas,asset,Canada,56.613,-121.648,Onshore,"https://www.gem.wiki/Inga_-_Arcres_Oil_and_Gas_Asset_(British_Columbia,_Canada)",2016-01,2026-02,688.0,Onshore hydraulic fracturing (primary technology),True,2.0,2.0,2.215414429015309,2.0
1202,1202,6228,Jedney - Petronas,oil and gas,asset,Canada,57.272,-122.246,Onshore,"https://www.gem.wiki/Jedney_-_Petronas_Oil_and_Gas_Asset_(British_Columbia,_Canada)",2016-01,2026-02,,Onshore horizontal drilling (shale / tight oil),True,5.0,10.0,0.8548007787708246,10.0
1207,1207,6247,Sijan,oil,field,Syria,35.217781,40.746587,Onshore,https://www.gem.wiki/Sijan_Oil_Field_(Syria),2016-01,2026-02,,,True,5.0,5.0,0.0,5.0
1208,1208,6248,Azraq,oil,field,Syria,35.058603,40.855906,Onshore,https://www.gem.wiki/Azraq_Oil_Field_(Syria),2016-01,2026-02,,Onshore conventional vertical drilling,True,7.0,7.0,0.0,7.0
1210,1210,6273,Daly Sinclair - Corex Resources,oil,asset,Canada,49.778,-101.289,Onshore,"https://www.gem.wiki/Daly_Sinclair_-_Corex_Resources_Oil_Asset_(Manitoba,_Canada)",2016-01,2026-02,1000.0,"Enhanced oil recovery (water, gas, or CO₂ injection)",True,5.0,5.0,0.2831509686247211,5.0
1211,1211,6276,Pierson - Canadian Natural Resources Limited,oil,asset,Canada,49.12,-101.27,Onshore,"https://www.gem.wiki/Pierson_-_Canadian_Natural_Resources_Limited_Oil_Asset_(Manitoba,_Canada)",2016-01,2026-02,100.0,Onshore conventional vertical drilling,True,13.0,13.0,2.7319281864272513,13.0
1217,1217,6307,Itapu Eco,oil and gas,field,Brazil,-24.7665,-42.70841,Offshore,"https://www.gem.wiki/Itapu_Eco_Oil_and_Gas_Field_(Rio_de_Janeiro,_Brazil)",2023-08,2026-02,103.6,Offshore FPSO-based production,True,2.0,2.0,1.69201863853221,2.0
1220,1220,6330,Fahd Southwest,oil,field,Oman,21.178,55.85417,Onshore,https://www.gem.wiki/Fahd_Southwest_Oil_Field_(Oman),2016-01,2026-02,,Onshore conventional vertical drilling,True,13.0,13.0,2.07361931290265,13.0
1221,1221,6333,Alturitas,oil and gas,field,Venezuela,9.793874575,-72.42996211,Onshore,https://www.gem.wiki/Alturitas_Oil_and_Gas_Field_(Venezuela),2016-01,2026-02,1000.0,Onshore conventional vertical drilling,True,5.0,5.0,0.8673318753833763,5.0
1229,1229,6400,Bahrain,oil and gas,field,Bahrain,26.0333,50.532,Onshore,https://www.gem.wiki/Bahrain_Oil_and_Gas_Field_(Bahrain),2016-01,2026-02,2000.0,Onshore conventional vertical drilling,True,13.0,31.0,0.7001962222831534,31.0
1238,1238,6497,Cibix 401EXP,oil and gas,field,Mexico,18.243994,-93.056412,Onshore,https://www.gem.wiki/Cibix_401EXP_Oil_and_Gas_Field_(Mexico),2020-07,2026-02,15.88,Offshore subsea tie-back systems,True,2.0,3.0,0.1167610965412024,3.0
1239,1239,6499,El treinta,oil and gas,field,Mexico,17.832336,-95.492919,Onshore,https://www.gem.wiki/El_treinta_Oil_and_Gas_Field_(Mexico),2016-01,2026-02,100.0,Onshore conventional vertical drilling,True,7.0,7.0,0.6554423394052948,7.0
1245,1245,6539,10103FF/Cold Lake,oil,project,Canada,54.534021,-110.394092,Onshore,"https://www.gem.wiki/10103FF/Cold_Lake_Oil_Project_(Alberta,_Canada)",2016-01,2026-02,,Onshore thermal recovery – cyclic steam (CSS),True,10.0,10.0,0.923852118982128,10.0
1246,1246,6554,13093J/Athabasca,oil,project,Canada,55.444435,-113.737423,Onshore,"https://www.gem.wiki/13093J/Athabasca_Oil_Project_(Alberta,_Canada)",2016-01,2026-02,780.0,,True,6.0,15.0,0.9351446457553008,15.0
1247,1247,6560,9673Q/Athabasca,oil,project,Canada,56.132179,-113.029588,Onshore,"https://www.gem.wiki/9673Q/Athabasca_Oil_Project_(Alberta,_Canada)",2016-01,2026-02,10.0,Onshore thermal recovery – SAGD,True,3.0,3.0,0.5246843099877926,5.0
1248,1248,6565,13050E/Athabasca,oil,project,Canada,55.439537,-113.76676,Onshore,"https://www.gem.wiki/13050E/Athabasca_Oil_Project_(Alberta,_Canada)",2016-01,2026-02,130.5,Onshore thermal recovery – SAGD,True,6.0,15.0,1.7562107762982848,15.0
1249,1249,6566,11060K/Peace River Area 2,oil,project,Canada,56.140248,-116.671578,Onshore,"https://www.gem.wiki/11060K/Peace_River_Area_2_Oil_Project_(Alberta,_Canada)",2016-01,2026-02,,Onshore thermal recovery – SAGD,True,4.0,6.0,0.7740878543027155,12.0
1266,1266,6648,Mero (non-contracted area),oil,field,Brazil,-24.612,-42.22,Offshore,"https://www.gem.wiki/Mero_(non-contracted_area)_Oil_Field_(Rio_de_Janeiro,_Brazil)",2017-11,2026-02,1000.0,Offshore FPSO-based production,True,1.0,1.0,0.4606862131639617,6.0
1268,1268,6664,Aguila Vado (Eagleford) - Wildfire Energy Operating,oil and gas,asset,United States,30.65463999,-96.44259757,Onshore,"https://www.gem.wiki/Aguila_Vado_(Eagleford)_-_Wildfire_Energy_Operating_Oil_and_Gas_Asset_(Texas,_United_States)",2016-01,2026-02,40.47,Onshore hydraulic fracturing (primary technology),True,6.0,6.0,2.3615198879037416,6.0
1271,1271,6672,Briscoe Ranch (Eagleford) - Buffco Production,oil and gas,asset,United States,28.74714374,-99.57928135,Onshore,"https://www.gem.wiki/Briscoe_Ranch_(Eagleford)_-_Buffco_Production_Oil_and_Gas_Asset_(Texas,_United_States)",2016-01,2026-02,4.05,Onshore horizontal drilling (shale / tight oil),True,1.0,1.0,1.8919774218710093,1.0
1277,1277,6683,Briscoe Ranch (Eagleford) - Sm Energy,oil and gas,asset,United States,28.06745463,-99.81808898,Onshore,"https://www.gem.wiki/Briscoe_Ranch_(Eagleford)_-_Sm_Energy_Oil_and_Gas_Asset_(Texas,_United_States)",2016-01,2026-02,,Onshore hydraulic fracturing (primary technology),True,13.0,14.0,1.932079718254087,14.0
1278,1278,6684,Briscoe Ranch (Eagleford) - Tbm Catarina,oil and gas,asset,United States,28.20334633,-99.60558299,Onshore,"https://www.gem.wiki/Briscoe_Ranch_(Eagleford)_-_Tbm_Catarina_Oil_and_Gas_Asset_(Texas,_United_States)",2016-01,2026-02,,Onshore hydraulic fracturing (primary technology),True,6.0,6.0,1.9204146896524483,6.0
1287,1287,6716,Derby (Bone Spring) - Cimarex Energy Co.,oil and gas,asset,United States,31.94210314,-104.2109758,Onshore,"https://www.gem.wiki/Derby_(Bone_Spring)_-_Cimarex_Energy_Co._Oil_and_Gas_Asset_(Texas,_United_States)",2016-01,2026-02,40.47,Onshore hydraulic fracturing (primary technology),True,6.0,20.0,0.4978964285146694,24.0
1288,1288,6717,Eagleville (Eagle Ford-1) - Arrow S Energy Operating,oil,asset,United States,28.75205322,-98.39271386,Onshore,"https://www.gem.wiki/Eagleville_(Eagle_Ford-1)_-_Arrow_S_Energy_Operating_Oil_Asset_(Texas,_United_States)",2016-01,2026-02,4.05,Onshore horizontal drilling (shale / tight oil),True,8.0,9.0,1.7259535790384932,9.0
1290,1290,6719,Eagleville (Eagle Ford-1) - Burlington Resources O & G Co,oil and gas,asset,United States,28.95772262,-97.83119701,Onshore,"https://www.gem.wiki/Eagleville_(Eagle_Ford-1)_-_Burlington_Resources_O_&_G_Co_Oil_and_Gas_Asset_(Texas,_United_States)",2016-01,2026-02,,Onshore hydraulic fracturing (primary technology),True,11.0,45.0,0.5201507476256431,45.0
1291,1291,6721,Eagleville (Eagle Ford-1) - Cheyenne Petroleum,oil and gas,asset,United States,28.62602642,-98.86402269,Onshore,"https://www.gem.wiki/Eagleville_(Eagle_Ford-1)_-_Cheyenne_Petroleum_Oil_and_Gas_Asset_(Texas,_United_States)",2016-01,2026-02,,Onshore horizontal drilling (shale / tight oil),True,6.0,26.0,0.3270904342239945,26.0
1295,1295,6727,Eagleville (Eagle Ford-1) - Murphy Expl. & Prod. Co. - Usa,oil and gas,asset,United States,28.68649442,-98.42044845,Onshore,"https://www.gem.wiki/Eagleville_(Eagle_Ford-1)_-_Murphy_Expl._&_Prod._Co._-_Usa_Oil_and_Gas_Asset_(Texas,_United_States)",2016-01,2026-02,,Onshore horizontal drilling (shale / tight oil),True,9.0,19.0,1.2942342950451715,19.0
1297,1297,6729,Eagleville (Eagle Ford-1) - Ridgemar Energy Operating,oil and gas,asset,United States,28.53293184,-99.11200756,Onshore,"https://www.gem.wiki/Eagleville_(Eagle_Ford-1)_-_Ridgemar_Energy_Operating_Oil_and_Gas_Asset_(Texas,_United_States)",2016-01,2026-02,,Onshore horizontal drilling (shale / tight oil),True,11.0,28.0,0.8744907139532718,28.0
1299,1299,6731,Eagleville (Eagle Ford-1) - Silverbow Resources Oper,oil and gas,asset,United States,28.43800591,-98.77107269,Onshore,"https://www.gem.wiki/Eagleville_(Eagle_Ford-1)_-_Silverbow_Resources_Oper_Oil_and_Gas_Asset_(Texas,_United_States)",2016-01,2026-02,,Onshore hydraulic fracturing (primary technology),True,11.0,42.0,0.9371823876495246,42.0
1301,1301,6733,"Eagleville (Eagle Ford-1) - Trinity Operating (Usg), (Unconventional)",oil and gas,asset,United States,28.66097349,-98.70660111,Onshore,"https://www.gem.wiki/Eagleville_(Eagle_Ford-1)_-_Trinity_Operating_(Usg),_(Unconventional)_Oil_and_Gas_Asset_(Texas,_United_States)",2016-01,2026-02,,Onshore hydraulic fracturing (primary technology),True,9.0,26.0,1.6419735884215043,26.0
1309,1309,6743,Eagleville (Eagle Ford-2) - Gulftex Energy,oil and gas,asset,United States,28.99158805,-97.85821751,Onshore,"https://www.gem.wiki/Eagleville_(Eagle_Ford-2)_-_Gulftex_Energy_Oil_and_Gas_Asset_(Texas,_United_States)",2016-01,2026-02,4.05,Onshore hydraulic fracturing (primary technology),True,12.0,62.0,0.9456242511817812,68.0
1317,1317,6755,FordWest (Wolfcamp) - Chevron U. S. A.,oil and gas,asset,United States,31.93727483,-104.1896401,Onshore,"https://www.gem.wiki/FordWest_(Wolfcamp)_-_Chevron_U._S._A._Oil_and_Gas_Asset_(Texas,_United_States)",2016-01,2026-02,109.27,Onshore hydraulic fracturing (primary technology),True,5.0,16.0,1.4860705373866103,31.0
1321,1321,6759,FordWest (Wolfcamp) - Petro-Hunt Permian,oil and gas,asset,United States,31.64200817,-104.0571823,Onshore,"https://www.gem.wiki/FordWest_(Wolfcamp)_-_Petro-Hunt_Permian_Oil_and_Gas_Asset_(Texas,_United_States)",2016-01,2026-02,40.47,Onshore hydraulic fracturing (primary technology),True,9.0,36.0,0.3580169577109557,48.0
1323,1323,6762,"Garden CityS. (Wolfcamp) - Browning Oil, (Unconventional)",oil and gas,asset,United States,32.74915277,-100.638392,Onshore,"https://www.gem.wiki/Garden_CityS._(Wolfcamp)_-_Browning_Oil,_(Unconventional)_Oil_and_Gas_Asset_(Texas,_United_States)",2017-01,2026-02,4.05,Onshore hydraulic fracturing (primary technology),True,6.0,12.0,0.8015185299641917,12.0
1326,1326,6772,"Hawkville (Austin Chalk) - Eog Resources, (Unconventional)",oil and gas,asset,United States,27.81371206,-99.53525522,Onshore,"https://www.gem.wiki/Hawkville_(Austin_Chalk)_-_Eog_Resources,_(Unconventional)_Oil_and_Gas_Asset_(Texas,_United_States)",2016-01,2026-02,404.69,Onshore hydraulic fracturing (primary technology),True,5.0,5.0,2.1154606732400483,5.0
1332,1332,6793,Hoefs T-K (Wolfcamp) - Diamondback E&P (Unconventional),oil and gas,asset,United States,31.17087415,-103.1058177,Onshore,"https://www.gem.wiki/Hoefs_T-K_(Wolfcamp)_-_Diamondback_E&P_(Unconventional)_Oil_and_Gas_Asset_(Texas,_United_States)",2018-01,2026-02,40.4686,Onshore hydraulic fracturing (primary technology),True,6.0,7.0,1.4433371472195875,13.0
1357,1357,6859,Parks (Consolidated) - Vital Energy,oil and gas,asset,United States,31.91584393,-102.2158839,Onshore,"https://www.gem.wiki/Parks_(Consolidated)_-_Vital_Energy_Oil_and_Gas_Asset_(Texas,_United_States)",2016-01,2026-02,80.94,"Enhanced oil recovery (water, gas, or CO₂ injection)",True,11.0,32.0,0.7333316800729166,32.0
1362,1362,6867,Phantom (Wolfcamp) - Bta Oil Producers,oil and gas,asset,United States,31.71967088,-103.6943496,Onshore,"https://www.gem.wiki/Phantom_(Wolfcamp)_-_Bta_Oil_Producers_Oil_and_Gas_Asset_(Texas,_United_States)",2016-01,2026-02,,Onshore hydraulic fracturing (primary technology),True,10.0,21.0,1.8587206916443548,33.0
1365,1365,6870,Phantom (Wolfcamp) - Circle-S Energy,oil and gas,asset,United States,31.75769322,-103.4978236,Onshore,"https://www.gem.wiki/Phantom_(Wolfcamp)_-_Circle-S_Energy_Oil_and_Gas_Asset_(Texas,_United_States)",2016-01,2026-02,5.18,Onshore horizontal drilling (shale / tight oil),True,11.0,35.0,0.8666800413339257,39.0
1367,1367,6875,Phantom (Wolfcamp) - Cpx Energy Operating,oil and gas,asset,United States,31.74681726,-103.7395418,Onshore,"https://www.gem.wiki/Phantom_(Wolfcamp)_-_Cpx_Energy_Operating_Oil_and_Gas_Asset_(Texas,_United_States)",2016-01,2026-02,80.94,Onshore hydraulic fracturing (primary technology),True,10.0,16.0,1.3195277871846214,18.0
1368,1368,6876,Phantom (Wolfcamp) - Diamondback E&P,oil and gas,asset,United States,31.52169421,-103.4163097,Onshore,"https://www.gem.wiki/Phantom_(Wolfcamp)_-_Diamondback_E&P_Oil_and_Gas_Asset_(Texas,_United_States)",2017-01,2026-02,40.47,Onshore hydraulic fracturing (primary technology),True,2.0,2.0,1.4410492209485586,22.0
1372,1372,6880,Phantom (Wolfcamp) - Lrr Pecos Valley,oil and gas,asset,United States,31.78771495,-103.528639,Onshore,"https://www.gem.wiki/Phantom_(Wolfcamp)_-_Lrr_Pecos_Valley_Oil_and_Gas_Asset_(Texas,_United_States)",2017-01,2026-02,40.4686,Onshore horizontal drilling (shale / tight oil),True,8.0,19.0,1.706136996571485,29.0
1374,1374,6882,Phantom (Wolfcamp) - Matador Production (Unconventional),oil and gas,asset,United States,31.69394331,-103.537596,Onshore,"https://www.gem.wiki/Phantom_(Wolfcamp)_-_Matador_Production_(Unconventional)_Oil_and_Gas_Asset_(Texas,_United_States)",2017-01,2026-02,76.89,Onshore horizontal drilling (shale / tight oil),True,8.0,9.0,0.2864553421729602,49.0
1377,1377,6885,Phantom (Wolfcamp) - Pdc Permian,oil and gas,asset,United States,31.50925314,-103.6955577,Onshore,"https://www.gem.wiki/Phantom_(Wolfcamp)_-_Pdc_Permian_Oil_and_Gas_Asset_(Texas,_United_States)",2017-01,2026-02,101.17,Onshore hydraulic fracturing (primary technology),True,4.0,5.0,1.2044202512952868,15.0
1395,1395,6906,Sand Hills (Wichita-Albany) - Blackbeard Operating,oil and gas,asset,United States,31.53584461,-102.6827316,Onshore,"https://www.gem.wiki/Sand_Hills_(Wichita-Albany)_-_Blackbeard_Operating_Oil_and_Gas_Asset_(Texas,_United_States)",2018-01,2026-02,,,True,7.0,38.0,0.5805503473020043,73.0
1409,1409,6926,"Spraberry (Trend Area) - Civitas Permian Operating, (Conventional)",oil and gas,asset,United States,31.62459666,-101.7774293,Onshore,"https://www.gem.wiki/Spraberry_(Trend_Area)_-_Civitas_Permian_Operating,_(Conventional)_Oil_and_Gas_Asset_(Texas,_United_States)",2016-01,2026-02,6500.0,Onshore hydraulic fracturing (primary technology),True,13.0,23.0,0.1250084795484538,23.0
1419,1419,6940,"Spraberry (Trend Area) - Hannathon Petroleum Ii, (Unconventional)",oil and gas,asset,United States,31.70110051,-101.4375859,Onshore,"https://www.gem.wiki/Spraberry_(Trend_Area)_-_Hannathon_Petroleum_Ii,_(Unconventional)_Oil_and_Gas_Asset_(Texas,_United_States)",2016-01,2026-02,,Onshore hydraulic fracturing (primary technology),True,6.0,26.0,1.31947355085327,26.0
1420,1420,6941,"Spraberry (Trend Area) - Hibernia Resources Iv, (Conventional)",oil and gas,asset,United States,32.38090706,-101.597181,Onshore,"https://www.gem.wiki/Spraberry_(Trend_Area)_-_Hibernia_Resources_Iv,_(Conventional)_Oil_and_Gas_Asset_(Texas,_United_States)",2016-01,2026-02,6500.0,Onshore horizontal drilling (shale / tight oil),True,13.0,43.0,0.2073797071237663,43.0
1430,1430,6953,Spraberry (Trend Area) - Permian Resources Operating,oil and gas,asset,United States,31.26796499,-101.4270239,Onshore,"https://www.gem.wiki/Spraberry_(Trend_Area)_-_Permian_Resources_Operating_Oil_and_Gas_Asset_(Texas,_United_States)",2016-01,2026-02,809.372,Onshore hydraulic fracturing (primary technology),True,13.0,26.0,0.2144795538794134,26.0
1434,1434,6957,Spraberry (Trend Area) - Sm Energy (Unconventional),oil and gas,asset,United States,32.18775385,-101.7277666,Onshore,"https://www.gem.wiki/Spraberry_(Trend_Area)_-_Sm_Energy_(Unconventional)_Oil_and_Gas_Asset_(Texas,_United_States)",2017-01,2026-02,144.47,Onshore hydraulic fracturing (primary technology),True,7.0,16.0,1.3131091942384827,26.0
1435,1435,6962,"Spraberry (Trend Area) - Vital Energy, (Unconventional)",oil and gas,asset,United States,31.79314091,-101.5141612,Onshore,"https://www.gem.wiki/Spraberry_(Trend_Area)_-_Vital_Energy,_(Unconventional)_Oil_and_Gas_Asset_(Texas,_United_States)",2016-01,2026-02,6500.0,Onshore hydraulic fracturing (primary technology),True,5.0,5.0,1.5843162255935168,5.0
1438,1438,6965,Spraberry (Trend Area) - Zarvona Energy,oil and gas,asset,United States,31.57733229,-102.0643112,Onshore,"https://www.gem.wiki/Spraberry_(Trend_Area)_-_Zarvona_Energy_Oil_and_Gas_Asset_(Texas,_United_States)",2016-01,2026-02,6500.0,Onshore hydraulic fracturing (primary technology),True,10.0,16.0,0.1734133072476885,16.0
1439,1439,6966,Spraberry (Trend Area) R 40 Exc - Apacheoration,oil and gas,asset,United States,31.55888803,-101.9166106,Onshore,"https://www.gem.wiki/Spraberry_(Trend_Area)_R_40_Exc_-_Apacheoration_Oil_and_Gas_Asset_(Texas,_United_States)",2016-01,2026-02,,Onshore hydraulic fracturing (primary technology),True,11.0,16.0,1.1070999643441757,16.0
1440,1440,6967,Spraberry (Trend Area) R 40 Exc - Diamondback E&P,oil and gas,asset,United States,32.07688937,-101.8769687,Onshore,"https://www.gem.wiki/Spraberry_(Trend_Area)_R_40_Exc_-_Diamondback_E&P_Oil_and_Gas_Asset_(Texas,_United_States)",2016-01,2026-02,,Onshore hydraulic fracturing (primary technology),True,4.0,6.0,1.3432788537589244,6.0
1442,1442,6971,Spraberry (Trend Area) R 40 Exc - Permian Resources Operating,oil and gas,asset,United States,31.26733525,-101.3995258,Onshore,"https://www.gem.wiki/Spraberry_(Trend_Area)_R_40_Exc_-_Permian_Resources_Operating_Oil_and_Gas_Asset_(Texas,_United_States)",2016-01,2026-02,,Onshore hydraulic fracturing (primary technology),True,8.0,15.0,0.3223480221847573,15.0
1449,1449,6979,Sugarkane (Austin Chalk) - Devon Energy Production Co,oil and gas,asset,United States,28.96614837,-97.85165585,Onshore,"https://www.gem.wiki/Sugarkane_(Austin_Chalk)_-_Devon_Energy_Production_Co_Oil_and_Gas_Asset_(Texas,_United_States)",2016-01,2026-02,404.69,Onshore hydraulic fracturing (primary technology),True,13.0,32.0,0.5652360377007813,32.0
1451,1451,6981,Sugarkane (Austin Chalk) - Gulftex Energy,oil and gas,asset,United States,28.93363449,-98.00481559,Onshore,"https://www.gem.wiki/Sugarkane_(Austin_Chalk)_-_Gulftex_Energy_Oil_and_Gas_Asset_(Texas,_United_States)",2016-01,2026-02,40.47,Onshore horizontal drilling (shale / tight oil),True,13.0,38.0,0.7878761447705399,38.0
1454,1454,6984,Sugarkane (Eagle Ford) - Burlington Resources O & G Co (Conventional),oil and gas,asset,United States,28.69136989,-98.08369262,Onshore,"https://www.gem.wiki/Sugarkane_(Eagle_Ford)_-_Burlington_Resources_O_&_G_Co_(Conventional)_Oil_and_Gas_Asset_(Texas,_United_States)",2016-01,2026-02,40.47,Onshore conventional vertical drilling,True,8.0,14.0,1.3641261546036398,14.0
1455,1455,6985,Sugarkane (Eagle Ford) - Burlington Resources O & G Co (Unconventional),oil and gas,asset,United States,28.73709423,-98.0079158,Onshore,"https://www.gem.wiki/Sugarkane_(Eagle_Ford)_-_Burlington_Resources_O_&_G_Co_(Unconventional)_Oil_and_Gas_Asset_(Texas,_United_States)",2016-01,2026-02,40.4686,Onshore hydraulic fracturing (primary technology),True,12.0,34.0,1.8073925545119989,34.0
1456,1456,6986,"Sugarkane (Eagle Ford) - Devon Energy Production Co, (Unconventional)",oil and gas,asset,United States,28.83548917,-97.8988408,Onshore,"https://www.gem.wiki/Sugarkane_(Eagle_Ford)_-_Devon_Energy_Production_Co,_(Unconventional)_Oil_and_Gas_Asset_(Texas,_United_States)",2016-01,2026-02,404.686,Onshore hydraulic fracturing (primary technology),True,13.0,48.0,1.5203448755782547,48.0
1461,1461,6991,Two Georges (Bone Spring) - Xto Energy,oil and gas,asset,United States,31.78356322,-103.3580776,Onshore,"https://www.gem.wiki/Two_Georges_(Bone_Spring)_-_Xto_Energy_Oil_and_Gas_Asset_(Texas,_United_States)",2016-01,2026-02,40.47,Onshore hydraulic fracturing (primary technology),True,11.0,32.0,1.08847298734803,40.0
1475,1475,7071,Burket/Marcellus - Re Gas Dev,oil and gas,asset,United States,40.9268562,-79.88034426,Onshore,"https://www.gem.wiki/Burket/Marcellus_-_Re_Gas_Dev_Oil_and_Gas_Asset_(Pennsylvania,_United_States)",2016-01,2026-02,,Onshore hydraulic fracturing (primary technology),True,5.0,5.0,2.4297641298920216,5.0
1477,1477,7078,Bone Spring - Apache Corporation,oil and gas,asset,United States,32.14569201,-103.7385831,Onshore,"https://www.gem.wiki/Bone_Spring_-_Apache_Corporation_Oil_and_Gas_Asset_(New_Mexico,_United_States)",2016-01,2026-02,,Onshore hydraulic fracturing (primary technology),True,10.0,43.0,0.5918149496485631,43.0
1482,1482,7085,Bone Spring - Civitas Permian Operating,oil and gas,asset,United States,32.67826795,-104.2003021,Onshore,"https://www.gem.wiki/Bone_Spring_-_Civitas_Permian_Operating_Oil_and_Gas_Asset_(New_Mexico,_United_States)",2022-01,2026-02,4.04686,Onshore hydraulic fracturing (primary technology),True,2.0,3.0,2.6799429550966765,10.0
1485,1485,7095,Bone Spring - Oxy Usa,oil and gas,asset,United States,32.59137322,-104.0680002,Onshore,"https://www.gem.wiki/Bone_Spring_-_Oxy_Usa_Oil_and_Gas_Asset_(New_Mexico,_United_States)",2018-01,2026-02,,Onshore horizontal drilling (shale / tight oil),True,4.0,4.0,1.4044403878212897,20.0
1502,1502,7123,"Bone Spring, Southeast - Xto Energy",oil and gas,asset,United States,32.70520871,-104.0499748,Onshore,"https://www.gem.wiki/Bone_Spring,_Southeast_-_Xto_Energy_Oil_and_Gas_Asset_(New_Mexico,_United_States)",2016-01,2026-02,40.47,Onshore horizontal drilling (shale / tight oil),True,5.0,8.0,1.4818500978721507,12.0
1510,1510,7138,Glorieta-Yeso (O) - Longfellow Energy,oil and gas,asset,United States,32.74221798,-103.976966,Onshore,"https://www.gem.wiki/Glorieta-Yeso_(O)_-_Longfellow_Energy_Oil_and_Gas_Asset_(New_Mexico,_United_States)",2016-01,2026-02,40.4686,,True,8.0,8.0,1.205288497358442,8.0
1514,1514,7143,Glorieta-Yeso - Riley Permian Operating Company,oil and gas,asset,United States,32.68265864,-104.0392465,Onshore,"https://www.gem.wiki/Glorieta-Yeso_-_Riley_Permian_Operating_Company_Oil_and_Gas_Asset_(New_Mexico,_United_States)",2016-01,2026-02,40.47,Onshore hydraulic fracturing (primary technology),True,13.0,21.0,0.6375443409422642,21.0
1516,1516,7147,Grayburg-San Andres - Morningstar Operating,oil and gas,asset,United States,32.50554425,-104.1070762,Onshore,"https://www.gem.wiki/Grayburg-San_Andres_-_Morningstar_Operating_Oil_and_Gas_Asset_(New_Mexico,_United_States)",2016-01,2026-02,5.18,"Enhanced oil recovery (water, gas, or CO₂ injection)",True,4.0,5.0,2.710636180166466,5.0
1518,1518,7149,Lower Bone Spring - Ameredev New Mexico,oil and gas,asset,United States,32.32653053,-104.0856286,Onshore,"https://www.gem.wiki/Lower_Bone_Spring_-_Ameredev_New_Mexico_Oil_and_Gas_Asset_(New_Mexico,_United_States)",2018-01,2026-02,80.94,Onshore horizontal drilling (shale / tight oil),True,6.0,11.0,1.216598295950371,21.0
1519,1519,7150,Lower Bone Spring - Cimarex Energy,oil and gas,asset,United States,32.64963623,-104.1926867,Onshore,"https://www.gem.wiki/Lower_Bone_Spring_-_Cimarex_Energy_Oil_and_Gas_Asset_(New_Mexico,_United_States)",2016-01,2026-02,404.69,Onshore horizontal drilling (shale / tight oil),True,6.0,14.0,0.393000352994389,14.0
1522,1522,7155,Lower Bone Spring - Kaiser-Francis Oil,oil and gas,asset,United States,32.0243446,-104.1741288,Onshore,"https://www.gem.wiki/Lower_Bone_Spring_-_Kaiser-Francis_Oil_Oil_and_Gas_Asset_(New_Mexico,_United_States)",2016-01,2044-01,,Onshore hydraulic fracturing (primary technology),True,2.0,2.0,2.7100382761289565,2.0
1528,1528,7166,Upper Bone Springing Shale - Eog Resources,oil and gas,asset,United States,32.7191752,-104.1068074,Onshore,"https://www.gem.wiki/Upper_Bone_Springing_Shale_-_Eog_Resources_Oil_and_Gas_Asset_(New_Mexico,_United_States)",2016-01,2026-02,,Onshore hydraulic fracturing (primary technology),True,6.0,10.0,1.1700770935041205,10.0
1529,1529,7168,Upper Wolfcamp - Apache Corporation,oil and gas,asset,United States,32.15156175,-103.7308548,Onshore,"https://www.gem.wiki/Upper_Wolfcamp_-_Apache_Corporation_Oil_and_Gas_Asset_(New_Mexico,_United_States)",2016-01,2026-02,,Onshore hydraulic fracturing (primary technology),True,10.0,26.0,0.2249501343912104,44.0
1533,1533,7172,Upper Wolfcamp - Cimarex Energy,oil and gas,asset,United States,32.6505736,-104.2428982,Onshore,"https://www.gem.wiki/Upper_Wolfcamp_-_Cimarex_Energy_Oil_and_Gas_Asset_(New_Mexico,_United_States)",2016-01,2026-02,404.686,Onshore horizontal drilling (shale / tight oil),True,2.0,2.0,2.1135281505917884,2.0
1537,1537,7176,Upper Wolfcamp - Devon Energy Production Company,oil and gas,asset,United States,32.69635535,-104.1135843,Onshore,"https://www.gem.wiki/Upper_Wolfcamp_-_Devon_Energy_Production_Company_Oil_and_Gas_Asset_(New_Mexico,_United_States)",2016-01,2026-02,,Onshore hydraulic fracturing (primary technology),True,12.0,27.0,0.6535229507711047,27.0
1567,1567,7251,Sanish - Whiting Oil And Gas Corporation (Bakken),oil and gas,asset,United States,48.09829637,-102.4601726,Onshore,"https://www.gem.wiki/Sanish_-_Whiting_Oil_And_Gas_Corporation_(Bakken)_Oil_and_Gas_Asset_(North_Dakota,_United_States)",2016-01,2026-02,121.41,Onshore horizontal drilling (shale / tight oil),True,9.0,25.0,0.3655923910564457,25.0
1570,1570,7256,"Elm Tree - Continental Resources, Inc.",oil and gas,asset,United States,48.05878668,-102.7511381,Onshore,"https://www.gem.wiki/Elm_Tree_-_Continental_Resources,_Inc._Oil_and_Gas_Asset_(North_Dakota,_United_States)",2016-01,2026-02,40.47,Onshore horizontal drilling (shale / tight oil),True,13.0,50.0,0.6911798584231991,50.0
1576,1576,7262,"Alkali Creek - Hess Bakken Investments Ii, Llc",oil and gas,asset,United States,48.1794736,-102.7583595,Onshore,"https://www.gem.wiki/Alkali_Creek_-_Hess_Bakken_Investments_Ii,_Llc_Oil_and_Gas_Asset_(North_Dakota,_United_States)",2016-01,2026-02,40.0,Onshore hydraulic fracturing (primary technology),True,13.0,29.0,1.6209953582444776,29.0
1577,1577,7263,"Banks - Grayson Mill Operating, Llc",oil and gas,asset,United States,48.02040265,-103.2331123,Onshore,"https://www.gem.wiki/Banks_-_Grayson_Mill_Operating,_Llc_Oil_and_Gas_Asset_(North_Dakota,_United_States)",2017-01,2026-02,5.18,Onshore hydraulic fracturing (primary technology),True,8.0,17.0,0.4592389813136694,27.0
1580,1580,7266,"Little Knife - Continental Resources, Inc.",oil and gas,asset,United States,47.47808345,-103.0023959,Onshore,"https://www.gem.wiki/Little_Knife_-_Continental_Resources,_Inc._Oil_and_Gas_Asset_(North_Dakota,_United_States)",2016-01,2026-02,81.0,Onshore hydraulic fracturing (primary technology),True,10.0,39.0,1.6320055859946856,39.0
1585,1585,7271,"Oliver - Kraken Operating, Llc",oil and gas,asset,United States,48.41841859,-103.3587586,Onshore,"https://www.gem.wiki/Oliver_-_Kraken_Operating,_Llc_Oil_and_Gas_Asset_(North_Dakota,_United_States)",2016-01,2026-02,5.18,Onshore horizontal drilling (shale / tight oil),True,13.0,38.0,1.5027572825187026,38.0
1587,1587,7274,Banks - Oasis Petroleum North America Llc,oil and gas,asset,United States,47.97061923,-103.1985212,Onshore,"https://www.gem.wiki/Banks_-_Oasis_Petroleum_North_America_Llc_Oil_and_Gas_Asset_(North_Dakota,_United_States)",2016-01,2026-02,,Onshore horizontal drilling (shale / tight oil),True,9.0,20.0,1.3877284094397186,20.0
1588,1588,7275,"West Capa - Continental Resources, Inc.",oil and gas,asset,United States,48.20353243,-103.0738193,Onshore,"https://www.gem.wiki/West_Capa_-_Continental_Resources,_Inc._Oil_and_Gas_Asset_(North_Dakota,_United_States)",2016-01,2026-02,4856.232,Onshore hydraulic fracturing (primary technology),True,13.0,22.0,0.8840500928613043,22.0
1600,1600,7289,"Manitou - Hess Bakken Investments Ii, Llc (Bakken)",oil and gas,asset,United States,48.27725036,-102.776699,Onshore,"https://www.gem.wiki/Manitou_-_Hess_Bakken_Investments_Ii,_Llc_(Bakken)_Oil_and_Gas_Asset_(North_Dakota,_United_States)",2016-01,2026-02,2.59,Onshore horizontal drilling (shale / tight oil),True,13.0,24.0,1.421922662519802,24.0
1616,1616,7306,"Dollar Joe - Continental Resources, Inc.",oil and gas,asset,United States,48.247098,-103.148971,Onshore,"https://www.gem.wiki/Dollar_Joe_-_Continental_Resources,_Inc._Oil_and_Gas_Asset_(North_Dakota,_United_States)",2016-01,2026-02,5.18,Onshore horizontal drilling (shale / tight oil),True,10.0,16.0,0.7700410800371829,16.0
1617,1617,7307,Sand Creek - Burlington Resources Oil & Gas Company Lp,oil and gas,asset,United States,48.05717297,-103.1001415,Onshore,"https://www.gem.wiki/Sand_Creek_-_Burlington_Resources_Oil_&_Gas_Company_Lp_Oil_and_Gas_Asset_(North_Dakota,_United_States)",2016-01,2026-02,,Onshore conventional vertical drilling,True,13.0,36.0,1.2314888010942378,36.0
1627,1627,7322,"Alkali Creek - Continental Resources, Inc.",oil and gas,asset,United States,48.1393558,-102.7235587,Onshore,"https://www.gem.wiki/Alkali_Creek_-_Continental_Resources,_Inc._Oil_and_Gas_Asset_(North_Dakota,_United_States)",2016-01,2026-02,,Onshore horizontal drilling (shale / tight oil),True,13.0,52.0,1.22611611088838,52.0
1633,1633,7328,"Lone Tree Lake - Kraken Operating, Llc",oil and gas,asset,United States,48.39811793,-103.4494021,Onshore,"https://www.gem.wiki/Lone_Tree_Lake_-_Kraken_Operating,_Llc_Oil_and_Gas_Asset_(North_Dakota,_United_States)",2016-01,2026-02,40.47,Onshore pump-assisted production (pumpjack / ESP / PCP),True,10.0,34.0,0.2639186701332431,34.0
1636,1636,7332,Croff - Burlington Resources Oil & Gas Company Lp,oil and gas,asset,United States,47.7540026,-102.9201829,Onshore,"https://www.gem.wiki/Croff_-_Burlington_Resources_Oil_&_Gas_Company_Lp_Oil_and_Gas_Asset_(North_Dakota,_United_States)",2016-01,2026-02,5.18,Onshore hydraulic fracturing (primary technology),True,13.0,34.0,0.6600538180683265,34.0
1638,1638,7335,"Alger - Hess Bakken Investments Ii, Llc (Bakken)",oil and gas,asset,United States,48.27186253,-102.6317211,Onshore,"https://www.gem.wiki/Alger_-_Hess_Bakken_Investments_Ii,_Llc_(Bakken)_Oil_and_Gas_Asset_(North_Dakota,_United_States)",2016-01,2026-02,40.47,Onshore horizontal drilling (shale / tight oil),True,13.0,34.0,0.5176508088330997,34.0
1645,1645,7342,"Big Gulch - Continental Resources, Inc.",oil and gas,asset,United States,47.55014316,-102.9558391,Onshore,"https://www.gem.wiki/Big_Gulch_-_Continental_Resources,_Inc._Oil_and_Gas_Asset_(North_Dakota,_United_States)",2016-01,2026-02,40.47,Onshore hydraulic fracturing (primary technology),True,12.0,34.0,0.3775299401850774,34.0
1646,1646,7343,"Cedar Hills - Continental Resources, Inc.",oil and gas,asset,United States,46.17374441,-103.9627032,Onshore,"https://www.gem.wiki/Cedar_Hills_-_Continental_Resources,_Inc._Oil_and_Gas_Asset_(North_Dakota,_United_States)",2016-01,2026-02,404.69,Onshore hydraulic fracturing (primary technology),True,5.0,5.0,1.580035492493253,5.0
1652,1652,7352,"Dimmick Lake - Continental Resources, Inc.",oil and gas,asset,United States,47.84796767,-103.0224487,Onshore,"https://www.gem.wiki/Dimmick_Lake_-_Continental_Resources,_Inc._Oil_and_Gas_Asset_(North_Dakota,_United_States)",2016-01,2026-02,40.47,Onshore hydraulic fracturing (primary technology),True,12.0,26.0,0.3582380522882237,26.0
1657,1657,7358,"Stanley - Lime Rock Resources Iii-A, L.P.",oil and gas,asset,United States,48.23200054,-102.3936827,Onshore,"https://www.gem.wiki/Stanley_-_Lime_Rock_Resources_Iii-A,_L.P._Oil_and_Gas_Asset_(North_Dakota,_United_States)",2016-01,2026-02,40.47,Onshore horizontal drilling (shale / tight oil),True,10.0,34.0,0.8272518137967155,34.0
1660,1660,7361,Pembroke - Whiting Oil And Gas Corporation,oil and gas,asset,United States,47.7184038,-103.245921,Onshore,"https://www.gem.wiki/Pembroke_-_Whiting_Oil_And_Gas_Corporation_Oil_and_Gas_Asset_(North_Dakota,_United_States)",2016-01,2026-02,48.56,Onshore horizontal drilling (shale / tight oil),True,12.0,46.0,1.464936216865521,46.0
1661,1661,7362,"Siverston - Grayson Mill Operating, Llc",oil and gas,asset,United States,47.8173836,-103.2234708,Onshore,"https://www.gem.wiki/Siverston_-_Grayson_Mill_Operating,_Llc_Oil_and_Gas_Asset_(North_Dakota,_United_States)",2016-01,2026-02,,Onshore hydraulic fracturing (primary technology),True,11.0,12.0,0.1767946654723767,12.0
1666,1666,7368,"Corral Creek - Continental Resources, Inc.",oil and gas,asset,United States,47.51454661,-102.856367,Onshore,"https://www.gem.wiki/Corral_Creek_-_Continental_Resources,_Inc._Oil_and_Gas_Asset_(North_Dakota,_United_States)",2016-01,2026-02,258.999,Onshore hydraulic fracturing (primary technology),True,13.0,39.0,0.3552299355782147,39.0
1668,1668,7371,Parshall - Hunt Oil Company,oil and gas,asset,United States,48.1285616,-102.1676829,Onshore,"https://www.gem.wiki/Parshall_-_Hunt_Oil_Company_Oil_and_Gas_Asset_(North_Dakota,_United_States)",2016-01,2026-02,,Onshore hydraulic fracturing (primary technology),True,7.0,7.0,1.9582969191564248,7.0
1679,1679,7383,Dollar Joe - Whiting Oil And Gas Corporation,oil and gas,asset,United States,48.2983863,-103.0928623,Onshore,"https://www.gem.wiki/Dollar_Joe_-_Whiting_Oil_And_Gas_Corporation_Oil_and_Gas_Asset_(North_Dakota,_United_States)",2016-01,2026-02,5.18,Onshore hydraulic fracturing (primary technology),True,6.0,21.0,1.2872372363763636,21.0
